track_id,track_name,album,release_date,duration_ms,explicit,artist_names,artist_count,popularity,bpm,key,mode,danceability,energy,valence,acousticness,instrumentalness,liveness,speechiness,language,streams
0SAZ4IHYMtjW4Lxrjm7NnG,Aashiq Tera,Happy Bhag Jayegi (Original Motion Picture Soundtrack),2016-07-28,294751,False,"Altamash Faridi, Sohail Sen, Mudassar Aziz",3,78,,,,,,,,,,,Albanian,121766
4Qm7r3ImER8S2Ori1gLMAf,Afsos,Afsos,2025-01-31,191752,False,"Anuv Jain, AP Dhillon",2,82,,,,,,,,,,,Afrikaans,404835
5VrLz2NUTLbPzgjuVOjxUx,"Aadat - From ""Kalyug""",Kalyug (Original Motion Picture Soundtrack),2005-12-09,333740,False,"Atif Aslam, Jal, Mithoon",3,75,,,,,,,,,,,Indonesian,67579
5AnWrUzsrFgBvhn6dUElnr,"Aaj Ki Raat (From ""Stree 2"")","Aaj Ki Raat (From ""Stree 2"")",2024-07-24,228620,False,"Sachin-Jigar, Madhubanti Bagchi, Divya Kumar, Amitabh Bhattacharya",4,80,,,,,,,,,,,Dutch,543999
0MTdYgTZ25sLCO6kVnDoje,"Aasa Kooda - From ""Think Indie""","Aasa Kooda (From ""Think Indie"")",2024-06-13,215510,False,"Sai Abhyankkar, Sai Smriti",2,78,,,,,,,,,,,Afrikaans,372903
1hA697u7e1jX2XM8sWA6Uy,Apna Bana Le,Bhediya (Original Motion Picture Soundtrack),2022-12-06,261702,False,"Sachin-Jigar, Arijit Singh, Amitabh Bhattacharya",3,80,,,,,,,,,,,Filipino,848230
5Swyv8euhHEJu57t5qbGUs,Aaj Bhi 2,Aaj Bhi 2,2024-09-12,259056,False,Vishal Mishra,1,68,,,,,,,,,,,Albanian,690046
0C47mkZ7VGcnKBvEG7PiAP,Abhi Na Jao Chhod Kar,Hum Dono,1961-01-01,255026,False,"Asha Bhosle, Mohammed Rafi",2,65,,,,,,,,,,,Swahili,170293
5bQ6oDLqvw8tywmnSmwEyL,Apna Bana Le,Bhediya (Original Motion Picture Soundtrack),2022-11-22,261702,False,"Sachin-Jigar, Arijit Singh, Amitabh Bhattacharya",3,79,,,,,,,,,,,Filipino,721597
5vNRhkKd0yEAg8suGBpjeY,APT.,APT.,2024-10-18,169917,False,"ROSÉ, Bruno Mars",2,94,,,,,,,,,,,Filipino,695137
6LpswW9691XT9OjVSvDU6G,Aaj Bhi,Aaj Bhi,2020-04-09,241206,False,Vishal Mishra,1,63,,,,,,,,,,,Albanian,453961
3GCdLUSnKSMJhs4Tj6CV3s,"All The Stars (with SZA) - From ""Black Panther: The Album""",Black Panther The Album Music From And Inspired By,2018-02-09,232186,True,"Kendrick Lamar, SZA",2,94,,,,,,,,,,,English,10896
1PZZtXR7nsNIyRcqd7UeiF,Aarambh,Gulaal,2009-02-27,295866,False,Piyush Mishra,1,69,,,,,,,,,,,Indonesian,552695
5FXMRdJjKq1BIX4e8Eg9mK,Ajab Si,Om Shanti Om,2007-09-18,241668,False,"Vishal-Shekhar, KK",2,78,,,,,,,,,,,Estonian,318744
3RVKJOoIVKXicFvNO7b2iK,Aaruyire,Guru (Original Motion Picture Soundtrack),2006-09-11,308786,False,"A.R. Rahman, Chinmayi, Murtuza Khan, Qadir Khan",4,69,,,,,,,,,,,Somali,861132
3hkC9EHFZNQPXrtl8WPHnX,Agar Tum Saath Ho,Tamasha,2015-10-16,341054,False,"Alka Yagnik, Arijit Singh",2,75,,,,,,,,,,,Indonesian,395105
0M0ANKNzmM4Odd7FNKghzW,"Akhiyaan Gulaab (From ""Teri Baaton Mein Aisa Uljha Jiya"")","Akhiyaan Gulaab (From ""Teri Baaton Mein Aisa Uljha Jiya"")",2024-01-19,171147,False,Mitraz,1,78,,,,,,,,,,,Somali,236456
2nP1wLRh85mo5Wdj4RQldp,"Uyi Amma - From ""Azaad""","Uyi Amma (From ""Azaad"")",2025-01-04,253833,False,"Amit Trivedi, Madhubanti Bagchi, Amitabh Bhattacharya",3,78,,,,,,,,,,,Hungarian,808469
5IIoQg5A7agXCksmdRLX7i,Aga Bai,Aiyyaa,2012-09-21,264382,False,"Shalmali Kholgade, Monali Thakur, Amit Trivedi",3,57,,,,,,,,,,,Filipino,633816
6OHra1CtK9h8dbuZv2NXba,Anju Vanna Poove (Reprise),Thug Life (Tamil),2025-05-24,254568,False,"A.R. Rahman, Karthik Netha",2,61,,,,,,,,,,,Croatian,120444
2bJY9fBufoNIibbACu1ZnW,Abhi Na Jao Chod Kar,Abhi Na Jao Chod Kar,2025-01-10,350400,False,Sourendro-Soumyojit,1,56,,,,,,,,,,,Swahili,66991
0fAPcsD7qrEAfO2EH0ce4V,Aura,Sicario,2025-01-17,165466,False,Shubh,1,78,,,,,,,,,,,Romanian,949384
06zJUeKU5KFy50Cho6pDcr,Aasan Nahin Yahan,Aashiqui 2,2013-04-06,214470,False,Arijit Singh,1,74,,,,,,,,,,,Filipino,391085
6NJ8Z5GDoHe47R6gGX6sLq,Admirin' You (feat. Preston Pablo),Admirin' You (feat. Preston Pablo),2023-08-01,214750,False,"Karan Aujla, Ikky, Preston Pablo",3,68,,,,,,,,,,,English,272652
1mQUEvGR7Sbt2OCz2gFrdx,"Aayi Nai (From ""Stree 2"")","Aayi Nai (From ""Stree 2"")",2024-08-01,178780,False,"Sachin-Jigar, Pawan Singh, Simran Choudhary, Divya Kumar, Amitabh Bhattacharya",5,75,,,,,,,,,,,English,882311
2njC2umOngBCOj14iHR8K8,Aaja Piya Tohe Pyar Doon,Baharon Ke Sapne,1967-01-01,251414,False,"Lata Mangeshkar, R. D. Burman",2,61,,,,,,,,,,,Swahili,234709
0fCQRUbk8LIQTdQYGNtGyv,Tere Liye,Prince (Original Motion Picture Soundtrack),2010-04-09,279826,False,"Atif Aslam, Shreya Ghoshal",2,71,,,,,,,,,,,Turkish,41496
3bQsp4Vr9Rg4fNCx6HPOgX,Alag Aasmaan,Alag Aasmaan,2020-07-31,212750,False,Anuv Jain,1,75,,,,,,,,,,,Somali,686296
0xpeiTGSEchBhqrjDuIcSS,"Angu Vaana Konilu - From ""ARM""","Angu Vaana Konilu (From ""ARM"")",2024-09-14,249000,False,"Dhibu Ninan Thomas, Vaikom Vijayalakshmi, Manu Manjith",3,67,,,,,,,,,,,Estonian,833920
685uojap6VVy526PUwhf3n,"Abhi Na Jao Chhod Kar - Film Version 2 (From ""Rocky Aur Rani Kii Prem Kahaani"")","Abhi Na Jao Chhod Kar - Film Version 2 (From ""Rocky Aur Rani Kii Prem Kahaani"")",2024-01-18,115858,False,"Pritam, Shashwat Singh",2,60,,,,,,,,,,,German,27368
4d2jV5fmX6hbRwaRbY39dt,Wavy,Wavy,2024-11-15,161000,False,"Karan Aujla, Jay Trak",2,82,,,,,,,,,,,Swahili,276954
1LFNOKVaFVBFCiLwz8Ay4O,Ahista Ahista,Ahista Ahista,2024-09-02,177692,False,"Kazinama, Musarrat Nazir",2,73,,,,,,,,,,,Finnish,56287
1YKPRycM3GzKbZUYDgLrmn,"Arjan Vailly (From ""ANIMAL"")","Arjan Vailly (From ""ANIMAL"")",2023-11-18,182170,False,"Manan Bhardwaj, Bhupinder Babbal",2,64,,,,,,,,,,,English,536823
6ygiy70ujkNOYXM1tQuMNe,Admirin' You (feat. Preston Pablo),Making Memories,2023-08-18,214750,False,"Karan Aujla, Ikky, Preston Pablo",3,75,,,,,,,,,,,English,642219
35L9DbXXcwVaQZ45YIeGmX,Ambhalappuzhe - Original Motion Picture Soundtrack,Adwaitham (Original Motion Picture Soundtrack),1991-08-02,309368,False,"M G Sreekumar, K. S. Chithra",2,52,,,,,,,,,,,English,266534
0EwRpK9wY6lHfcJSt82w4x,Aaj Se Teri,Padman (Original Motion Picture Soundtrack),2017-12-26,312240,False,"Amit Trivedi, Arijit Singh",2,72,,,,,,,,,,,Albanian,689559
1bxzr3JK05fMTcweGAZUHp,"Chuttamalle (From ""Devara Part 1"")","Chuttamalle (From ""Devara Part 1"")",2024-08-05,222063,False,"Shilpa Rao, Anirudh Ravichander, Ramajogayya Sastry",3,78,,,,,,,,,,,Swedish,678541
1g8IC4Ks0OldTvWw5NpFHG,"Adhi Dha Surprisu (From ""Robinhood"")","Adhi Dha Surprisu (From ""Robinhood"")",2025-03-10,229458,False,"G. V. Prakash, Neeti Mohan, Anurag Kulkarni",3,71,,,,,,,,,,,Somali,672303
5cF0dROlMOK5uNZtivgu50,Attention,Voicenotes,2018-05-11,208786,False,Charlie Puth,1,87,,,,,,,,,,,Italian,996900
1UWacd8x8tPPwmrPB1MoBI,Ae Dil Hai Mushkil Title Track,Ae Dil Hai Mushkil (Original Motion Picture Soundtrack) [Deluxe Edition],2016-10-26,269032,False,"Pritam, Arijit Singh",2,75,,,,,,,,,,,German,810490
5SWVoasLValgRam6XUiCJs,Aisa Banna Sanwarna Mubarik Tumhen,"Dil Lagi Bhool Jani, Vol. 2",1989-01-01,1043527,False,Nusrat Fateh Ali Khan,1,51,,,,,,,,,,,Indonesian,721718
1J9vyEntJ79CppvgUxJs75,Zaalima,Raees (Original Motion Picture Soundtrack),2017-01-24,299333,False,"Arijit Singh, Harshdeep Kaur",2,75,,,,,,,,,,,Somali,846752
1oAwsWBovWRIp7qLMGPIet,Apocalypse,Cigarettes After Sex,2017-06-09,290146,False,Cigarettes After Sex,1,91,,,,,,,,,,,English,461633
2JlzHPGIVaLNAppX1viq7f,"Kanimaa (From ""Retro"")","Kanimaa (From ""Retro"")",2025-03-21,243223,False,"Santhosh Narayanan, The Indian Choral Ensemble, Vivek",3,77,,,,,,,,,,,Croatian,63541
30IOhjcKbULQUt66nYkUvW,Aa Jao Meri Tamanna,Ajab Prem Ki Ghazab Kahani (Original Motion Picture Soundtrack),2009-11-06,245687,False,"Javed Ali, Jojo Nathaniel, Pritam",3,68,,,,,,,,,,,Swahili,847789
6lanRgr6wXibZr8KgzXxBl,a thousand years,a thousand years,2011-10-18,285120,False,Christina Perri,1,86,,,,,,,,,,,English,28393
5ivRSlOhVIXN2QMzqgsX0s,Aaoge Tum Kabhi,Aalas Ka Pedh,2015-09-25,313163,False,The Local Train,1,73,,,,,,,,,,,Estonian,570666
4Lo6I7kkHWgAVRmdILLhig,"Tu Hain Toh Main Hoon (From ""Sky Force"")","Tu Hain Toh Main Hoon (From ""Sky Force"")",2025-01-22,247792,False,"Tanishk Bagchi, Arijit Singh, Afsana Khan, Irshad Kamil",4,77,,,,,,,,,,,English,540838
4Dvkj6JhhA12EX05fT7y2e,As It Was,Harry's House,2022-05-20,167303,False,Harry Styles,1,92,,,,,,,,,,,English,28867
5JCDVLwteSXuwVqjCa7SwH,O Rangrez,Bhaag Milkha Bhaag (Original Motion Picture Soundtrack),2013-06-14,385000,False,"Shankar-Ehsaan-Loy, Shreya Ghoshal, Javed Bashir, Yusuf Mohammed, Vajid Ali",5,75,,,,,,,,,,,Croatian,366904
2WO5nzB7QtKn9ZRc9Jkalt,Annul Maelae,Vaaranam Aayiram (Original Motion Picture Soundtrack),2008-10-08,322506,False,"Harris Jayaraj, Sudha Ragunathan",2,70,,,,,,,,,,,Welsh,995357
3aDSeHgZnAixTJxOLSVs0X,Allah De Bandeya,Zohrajabeen,2023-07-24,257015,False,"B Praak, Jaani",2,64,,,,,,,,,,,Indonesian,399104
7nHQjVpEncX7NEdA2G6kU1,Aaraadhike,Ambili (Original Motion Picture Soundtrack),2019-10-03,360938,False,"Sooraj Santhosh, Madhuvanthi Narayan",2,63,,,,,,,,,,,Somali,416260
56zZ48jdyY2oDXHVnwg5Di,Tum Hi Ho,Aashiqui 2,2013-04-06,261974,False,"Mithoon, Arijit Singh",2,81,,,,,,,,,,,Vietnamese,446662
1musbempyJAw5gfSKZHXP9,Anxiety,Anxiety,2025-03-05,249302,True,Doechii,1,91,,,,,,,,,,,English,549707
0eCajpR75pDW0r64U6hP2x,Jo Tum Mere Ho,Jo Tum Mere Ho,2024-08-02,251813,False,Anuv Jain,1,85,,,,,,,,,,,Portuguese,912593
5AAK4euoKN7aPw5t5h8WkM,"Achyutam Keshavam by Alka Yagnik - From ""Achyutam Keshavam By Alka Yagnik - Zee Music Devotional""","Achyutam Keshavam by Alka Yagnik (From ""Achyutam Keshavam By Alka Yagnik - Zee Music Devotional"")",2021-03-25,270967,False,"Sanjeev Chaturvedi, Alka Yagnik",2,46,,,,,,,,,,,Indonesian,397996
13z95W43RleQPSoJJytGfs,Aisa Bana Sanwarna Mubarik Tumhen,Romantic Moods,2018-08-04,1043527,False,Nusrat Fateh Ali Khan,1,33,,,,,,,,,,,Indonesian,130119
5PUXKVVVQ74C3gl5vKy9Li,Heeriye (feat. Arijit Singh),Heeriye (feat. Arijit Singh),2023-07-25,194857,False,"Jasleen Royal, Arijit Singh, Dulquer Salmaan",3,79,,,,,,,,,,,Dutch,432828
0GRc3eGTg8HBdWLRGYgqIc,Azizam,Azizam,2025-04-04,162029,False,Ed Sheeran,1,93,,,,,,,,,,,Hungarian,581998
7IEww1rwWe1scos6rarOYh,Awari,Ek Villain,2014-05-28,320756,False,"Adnan Dhool, Momina Mustehsan",2,65,,,,,,,,,,,Swahili,130309
0T0njXl9l2zHpDzkaA5cX5,Arbi Ghode,Arbi Ghode,2024-06-15,200455,False,"Masoom Sharma, Jaivir Rathee",2,65,,,,,,,,,,,German,505389
7yDHHVKLbvDmVw1XXhDDIO,Pehle Bhi Main,ANIMAL,2023-11-24,250158,False,"Vishal Mishra, Raj Shekhar",2,79,,,,,,,,,,,German,221314
4qRcjFkFqSpLBzcbLDt7HL,Ambarsariya,Fukrey,2013-05-14,248182,False,Sona Mohapatra,1,70,,,,,,,,,,,Somali,753789
6FjbAnaPRPwiP3sciEYctO,Raabta,Agent Vinod,2012-02-24,243578,False,"Pritam, Arijit Singh",2,78,,,,,,,,,,,Somali,185334
4uSy3HJM1MaBk6IeehkSgD,Adada Mazhaida,Paiya (Original Motion Picture Soundtrack),2010-11-22,267120,False,"Yuvan Shankar Raja, Rahul Nambiar, Saindhavi",3,67,,,,,,,,,,,Somali,864176
2qSkIjg1o9h3YT9RAgYN75,Espresso,Espresso,2024-04-12,175459,True,Sabrina Carpenter,1,90,,,,,,,,,,,Portuguese,85094
3vCzLB6kS2lGcIpm1OOUsy,Ishq Hai,Mismatched: Season 3 (Soundtrack from the Netflix Series),2024-12-03,312857,False,"Anurag Saikia, Raj Shekhar, Romy, Amarabha Banerjee, Varun Jain, Madhubanti Bagchi, Mismatched - Cast",7,83,,,,,,,,,,,Albanian,579421
51ZgZSvy6VfmT89POoGwLf,Aa Seetadevi Navvula,Rowdy Fellow,2014-07-28,255876,False,Arijit Singh,1,66,,,,,,,,,,,Estonian,800332
2m49DOqdk0n4ofCEovrydG,Ye Mantramo,Andala Rakshasi (Original Motion Picture Soundtrack),2012-06-02,167889,False,Bobo Shashi,1,58,,,,,,,,,,,Portuguese,726888
6nRGPf5tpeJtKpXZO5cgIT,Paro,Paro,2024-11-12,70400,False,"Aditya Rikhari, UNPLG'd",2,83,,,,,,,,,,,Polish,473739
1eknwgCfzOXC0VRTst91l7,Yemito,Andala Rakshasi (Original Motion Picture Soundtrack),2012-06-02,268826,False,Haricharan,1,64,,,,,,,,,,,Finnish,494661
7KYItmZqiTnvfuO42oc6Og,Agar Tu Hota,Baaghi,2016-04-09,328741,False,Ankit Tiwari,1,59,,,,,,,,,,,Indonesian,503613
3HiobOOpSpMsi95WBKPBYk,Hamari Adhuri Kahani (Title Track),Hamari Adhuri Kahani (Original Motion Picture Soundtrack),2015-05-21,398799,False,"Jeet Gannguli, Arijit Singh, Rashmi Virag",3,76,,,,,,,,,,,Indonesian,330039
5JC3z8ctNq9r8sjzsBuw9U,Aigiri Nandini - Mahishasura Mardini Stotram,Navratri Special - Amman Songs,2015-10-06,901002,False,Rajalakshmee Sanjay,1,54,,,,,,,,,,,Indonesian,487353
4NmWv6PEGEAmorN5UN9fRo,Ajj Din Chadheya,Love Aaj Kal (Original Motion Picture Soundtrack),2009-07-31,315013,False,"Rahat Fateh Ali Khan, Pritam",2,72,,,,,,,,,,,Somali,111086
3JvKfv6T31zO0ini8iNItO,Another Love,Long Way Down (Deluxe),2013-06-24,244360,True,Tom Odell,1,90,,,,,,,,,,,English,824467
4ADmVZKScgWTaBfP0k77eA,Andalalo,Jagadekaveerudu Athiloka Sundari,1990-05-09,301435,False,"S. P. Balasubrahmanyam, S. Janaki",2,56,,,,,,,,,,,Filipino,431667
72iWtnl27JmptemVWwh6yA,"Ambaraala Veedhilo - From ""ARM""","Ambaraala Veedhilo (From ""ARM"")",2024-09-14,249000,False,"Dhibu Ninan Thomas, Sinduri Vishal, Krishna Kanth",3,54,,,,,,,,,,,Somali,735926
5XeFesFbtLpXzIVDNQP22n,I Wanna Be Yours,AM,2013-09-09,183956,False,Arctic Monkeys,1,94,,,,,,,,,,,English,403156
61fXT6uwJ2THPkbmxa65OI,"Arerey Manasa (From ""Falaknuma Das"")","Arerey Manasa (From ""Falaknuma Das"")",2019-05-02,301500,False,Sid Sriram,1,61,,,,,,,,,,,Filipino,674874
4kVsV4GhcNpHSDs6siioM0,Ammayi,ANIMAL (TELUGU),2023-11-24,275439,False,"Raghav Chaitanya, Anantha Sreeram, Pritam",3,69,,,,,,,,,,,Filipino,927545
07vwqeQSwXf8bcByx9BoMr,Bhagatt Aadmi,Bhagatt Aadmi,2022-05-31,195294,False,"Masoom Sharma, Anjali 99, Pranjal Dahiya, Aman Jaji",4,74,,,,,,,,,,,Swedish,916594
4Yqrf3I0S7SOBhWOGVU7fU,Manasu Palike,Andala Rakshasi (Original Motion Picture Soundtrack),2012-06-02,228101,False,Rakendu Mouli,1,54,,,,,,,,,,,Indonesian,568508
69qYaWssICBZIbhryZ5VSb,Aakasam Yenaatido,Nireekshana,1982-01-01,237378,False,S. Janaki,1,54,,,,,,,,,,,Indonesian,62125
4ulroyDK6rN73nVkCkWhur,Sahiba,Sahiba,2024-11-15,217148,False,"Jasleen Royal, Stebin Ben, Vijay Deverakonda, Radhikka Madan, Priya Saraiya, Aditya Sharma",6,82,,,,,,,,,,,Somali,566128
0kNe3kmRFq7eKVlL15h7nb,Anuvanuvuu,Om Bheem Bush,2024-03-26,211670,False,"Sunny M.R., Arijit Singh, Krishna Kanth",3,70,,,,,,,,,,,Finnish,577282
4k9RLcTWZog34sIXt23Ibr,Adigaa,Hi Nanna,2023-12-13,210154,False,Karthik,1,62,,,,,,,,,,,Somali,348559
3PWfXDaGLxwN9UJDHMEyKi,Teri Ramjhol Bole Gi (feat. Kay D & Aarohi Raghav),Teri Ramjhol Bole Gi (feat. Kay D & Aarohi Raghav),2024-12-10,147169,False,"Masoom Sharma, Sheenam Katholic, Kay D, Aarohi Raghav",4,79,,,,,,,,,,,English,41747
62UqZv8jJwfXpKENrnk8OJ,Arere Vaanaa,Awaara (Original Motion Picture Soundtrack),2010-04-10,266773,False,"Yuvan Shankar Raja, Rahul Nambiar, Saindhavi",3,59,,,,,,,,,,,Afrikaans,421321
47O4lWjQb1hz0HYAjiCdu5,Andala Akasamanta,Chandramukhi,2005-04-05,269897,False,S. P. Balasubrahmanyam,1,49,,,,,,,,,,,Filipino,97507
3yHyiUDJdz02FZ6jfUbsmY,"Satranga (From ""ANIMAL"")","Satranga (From ""ANIMAL"")",2023-10-27,271169,False,"Arijit Singh, Shreyas Puranik, Siddharth - Garima",3,81,,,,,,,,,,,Indonesian,450838
5jDcZCA2NJEvk7Kwa6bcE1,Allantha Doorala,Aadavari Matalaku Ardhalu Veruley,2007-03-27,273293,False,S. P. Balasubrahmanyam,1,59,,,,,,,,,,,Somali,774367
6f7qFjos0WWqvtEnwFDS0a,Telisiney Na Nuvvey,Arjun Reddy,2017-04-30,252286,False,L. V. Revanth,1,61,,,,,,,,,,,Turkish,559581
5zCnGtCl5Ac5zlFHXaZmhy,"Sajni (From ""Laapataa Ladies"")","Sajni (From ""Laapataa Ladies"")",2024-02-12,170044,False,"Ram Sampath, Arijit Singh, Prashant Pandey",3,82,,,,,,,,,,,Estonian,390386
00JwlBEriMDUL5MOplxbPo,Anitha O Anitha,Yadhartha Premakatha,2011-11-26,307928,False,Nagaraju,1,45,,,,,,,,,,,English,116655
1lrgvbZzsjatMee0Uk8o0P,Asha Pasham,Care Of Kancharapalem,2024-04-06,260000,False,"Anurag Kulkarni, Sweekar Agasthi, Damini Bhatla, Vishwa",4,59,,,,,,,,,,,Swahili,985081
2Fv2injs4qAm8mJBGaxVKU,"Tujhe Kitna Chahne Lage (From ""Kabir Singh"")","Tujhe Kitna Chahne Lage (From ""Kabir Singh"")",2019-05-31,284779,False,"Arijit Singh, Mithoon",2,82,,,,,,,,,,,German,760185
3Pz9uBUfnd1OVwZmciTJtt,Avunanavaa,"Avunanavaa (From ""Ori Devuda"")",2022-07-27,283184,False,"Leon James, Sid Sriram",2,55,,,,,,,,,,,Finnish,481086
4nDSxbyhYC8jFgRi0d7j5l,ANNANA PATHIYA APPATA KETIYA,ANNANA PATHIYA APPATA KETIYA,2025-04-11,110735,False,Sarah,1,47,,,,,,,,,,,Hungarian,465233
4wJ5Qq0jBN4ajy7ouZIV1c,APT.,rosie,2024-12-06,169917,False,"ROSÉ, Bruno Mars",2,89,,,,,,,,,,,Filipino,608985
2OUzDmwoIOXErbsLkrppHw,"Chudu Chudu (From ""Anaganaga"")","Chudu Chudu (From ""Anaganaga"")",2025-05-14,197445,False,"Chandra Sekar, Ravi Cherukuri, Vijay Yesudas, Rahman",4,47,,,,,,,,,,,Indonesian,597499
5Pqv6e52EWyqxeNyFYqDni,Ayudha Pooja [TELUGU],Devara Part 1 [TELUGU],2024-09-26,174088,False,"Kala Bhairava, Anirudh Ravichander, Ramajogayya Sastry",3,70,,,,,,,,,,,Swahili,484842
4FeczSomVWVyU4FW7xDeAI,Tere Bina,Guru (Original Motion Picture Soundtrack),2006-09-11,309640,False,"A.R. Rahman, Chinmayi, Murtuza Khan, Qadir Khan",4,81,,,,,,,,,,,German,421339
1Y52sB6Em2sYT8lXqoEXvh,Amma Amma,Raghuvaran B Tech,2014-12-23,304894,False,"S.Janaki, Deepu",1,48,,,,,,,,,,,Filipino,992096
2tMoOS9grHtn4upzb4LwMG,"Adiye - From ""Bachelor""","Adiye (From ""Bachelor"")",2021-09-30,272000,False,"Dhibu Ninan Thomas, Kapil Kapilan",2,71,,,,,,,,,,,English,599375
0FDzzruyVECATHXKHFs9eJ,A Sky Full of Stars,Ghost Stories,2014-05-16,267866,False,Coldplay,1,90,,,,,,,,,,,English,757467
3NRg73pu7c3nPt3oLXFfwJ,Vennante,Andala Rakshasi (Original Motion Picture Soundtrack),2012-06-02,207281,False,Ranjith Govind,1,50,,,,,,,,,,,Finnish,610184
67SwuqIlgYKKRy8OKisce6,Adhento Gaani Vunnapaatuga(Jersey),Adhento Gaani Vunnapaatuga(Jersey),2019-02-14,237065,False,Anirudh Ravichander,1,58,,,,,,,,,,,Filipino,884292
6mTvwBzWTGDOVeCNQEqtOE,Soch Na Sake,Airlift,2015-12-17,281322,False,"Amaal Mallik, Arijit Singh, Tulsi Kumar",3,76,,,,,,,,,,,Swedish,474516
3geKpJNdURFqbA8OqaR7vr,Attu Nuvve,Current,2009-05-26,302480,False,Neha Bhasin,1,62,,,,,,,,,,,Finnish,850478
3ebSznljltY5w7kskNlhma,Anbe Aaruyirae,Anbe Aaruyirae,2016-05-24,291311,False,"Prashan Sean, Navin Raaj Mathavan",2,56,,,,,,,,,,,Turkish,359381
1hlbywc8Jhl1FFqJxAMabE,Ishq,Lost;Found,2024-05-25,224842,False,"Faheem Abdullah, Rauhan Malik, Amir Ameer",3,82,,,,,,,,,,,Albanian,749447
5Mo0zkOAPtR2rW9kL29X37,Adiga Adiga,Ninnu Kori,2017-01-01,209109,False,Sid Sriram,1,63,,,,,,,,,,,Filipino,30219
5hpcuDew2e2AJh8PHSmpNL,"Amma Song ( From ""Oke Oka Jeevitham"")","Amma Song (From ""Oke Oka Jeevitham"")",2022-01-26,319494,False,"Jakes Bejoy, Sid Sriram, Sirivennela Seetharama Sastry",3,52,,,,,,,,,,,English,799790
67RKXc29tGIKnVY2xIBcSU,Adaraku,Athadu,2005,296969,False,Vishwa,1,56,,,,,,,,,,,Indonesian,266939
3ZasHIQ1l7tCYqxnebFOsK,Emitemitemo,Arjun Reddy,2017-04-30,203250,False,Alphonse,1,58,,,,,,,,,,,Estonian,90213
2iZeKe5avjtKVmjfSFkpxd,Tum Jo Aaye,Once Upon A Time In Mumbaai,2010-06-29,286443,False,"Pritam, Rahat Fateh Ali Khan, Tulsi Kumar, Irshad Kamil",4,76,,,,,,,,,,,English,385332
6XmBh5HSdVzEAaqzEftL9t,Adi Penne (Duet) - From Naam Series,Adi Penne (Duet) [From Naam Series],2021-03-08,301862,False,"Stephen Zechariah, T Suriavelan, Srinisha Jayaseelan",3,67,,,,,,,,,,,German,292918
3CW0qWSqqqDvQWritNm7bC,Avunu Nijam,Athadu,2005,303796,False,"KK, Sunitha",2,56,,,,,,,,,,,Croatian,162792
2oJxsbdvHuzkQ44hoyMsis,"Laal Pari (From ""Housefull 5"")","Laal Pari (From ""Housefull 5"")",2025-05-03,256148,False,"Yo Yo Honey Singh, Simar Kaur, Alfaaz",3,81,,,,,,,,,,,English,152762
4pqAptxxUpzevAQqeA16uK,Aatala Paatala,Akashamantha,2009-03-25,322350,False,Madhu Balakrishnan,1,42,,,,,,,,,,,Filipino,637197
2GXXZFUxYg2LvG8SR0byOE,Jeena Jeena,Badlapur (Original Motion Picture Soundtrack),2014-12-09,228969,False,"Sachin-Jigar, Atif Aslam, Priya Saraiya",3,80,,,,,,,,,,,Dutch,600001
4wyH79ssNezGR59geMIRdw,Ammaadi,Hi Nanna,2023-12-13,219018,False,"Shakthisree Gopalan, Kala Bhairava",2,59,,,,,,,,,,,Somali,792800
1Do2hDE0etMakAEQbyOd4L,Aaluma Doluma,Vedalam (Original Motion Picture Soundtrack),2015-10-16,258032,False,"Anirudh Ravichander, Badshah",2,65,,,,,,,,,,,Estonian,124202
3hUxzQpSfdDqwM3ZTFQY0K,august,folklore,2020-07-24,261922,False,Taylor Swift,1,87,,,,,,,,,,,Estonian,698546
2KAsxwOMeRSsLy6RcP9PWl,A,GOT♡,2014-06-23,181800,False,GOT7,1,54,,,,,,,,,,,Filipino,295947
5uYalrRxXbbK7N8vYlXWFO,A,A,2018-03-10,232000,False,Thomas Farnon,1,41,,,,,,,,,,,Filipino,841982
0TL0LFcwIBF5eX7arDIKxY,Husn,Husn,2023-12-01,217894,False,Anuv Jain,1,81,,,,,,,,,,,Estonian,344680
3LII8A23VIs7pzudea2VSo,A,A (Digital Single),2010-08-12,201737,False,RAINBOW,1,45,,,,,,,,,,,Filipino,533421
7GtKq334KlhRsDvAv2AScI,A,Identify,2014-11-28,181800,False,GOT7,1,36,,,,,,,,,,,Filipino,848849
5npFBWhVs3VVlc0nY5xQMA,"Tainu Khabar Nahi - From ""Munjya""","Tainu Khabar Nahi (From ""Munjya"")",2024-05-31,188166,False,"Sachin-Jigar, Arijit Singh",2,80,,,,,,,,,,,Indonesian,891720
5ckPoeppEPEOQd8dty8NBv,A,A,2024-12-20,233035,False,Nyarons,1,35,,,,,,,,,,,Filipino,935678
6tOq9jLp3VPZXyBpCM1myz,A,Untitled & Unfinished,2022-10-02,97906,False,Midwestern Roadkill,1,36,,,,,,,,,,,Filipino,143822
5PvwPy5eRO8BPwpRzCHK3D,Sunn Raha Hai (Male Version),Aashiqui 2,2013-04-06,390222,False,Ankit Tiwari,1,75,,,,,,,,,,,Finnish,441760
5hK85ziJqYy5aBEvG0okeC,ả,ả,2024-11-28,37179,False,marzuz,1,29,,,,,,,,,,,Vietnamese,865078
18bOFOWkYwl0fK3bg6wH9z,A,A+B,2025-03-21,273855,False,"Le Code, Eblo",2,24,,,,,,,,,,,Filipino,324305
6fScgF2Y63ScU73nYju0ny,O Saathi,"O Saathi (From ""Baaghi 2"")",2018-03-09,251818,False,"Atif Aslam, Arko",2,80,,,,,,,,,,,English,102008
0BiRHU99TTUdcSyi042qdo,a,install,2022-07-19,90044,True,xaviersobased,1,32,,,,,,,,,,,Filipino,926339
2BPzUoRPbbDXgp0ksdo2BJ,A,The Entire History Of You,2020-05-01,149243,True,Edo Saiya,1,28,,,,,,,,,,,Filipino,574518
2plbrEY59IikOBgBGLjaoe,Die With A Smile,Die With A Smile,2024-08-16,251667,False,"Lady Gaga, Bruno Mars",2,98,,,,,,,,,,,German,709937
2cy84oiygWeRE3tW1Ry8c9,a,les bonbons sont bons,2000-01-08,87000,False,The Pancakes,1,17,,,,,,,,,,,Filipino,657203
2hrFmZi3spmCSGLmIZmXpN,a,a,2023-09-10,286567,False,Tommy 2000,1,11,,,,,,,,,,,Filipino,359311
6UgcN95w7vQxkR8sEFmwHG,Chahun Main Ya Naa,Aashiqui 2,2013-04-06,304899,False,"Palak Muchhal, Arijit Singh",2,75,,,,,,,,,,,Indonesian,878248
4zlE0D2hBvKu9p2MJmhkw0,A,Awase,2018-05-04,503453,False,Nik Bärtsch,1,25,,,,,,,,,,,Filipino,525117
3x6eEbsIaCbmMhDXBQnt2K,A,Anjou Gang Pt. 4,2025-03-06,144979,True,"mtl exclusive, Zinera, Sylmaa",3,28,,,,,,,,,,,Filipino,455954
3trnNo4KeaUlFuUiV7iRCj,Tera Chehra,Sanam Teri Kasam (Original Motion Picture Soundtrack),2016-01-06,274000,False,"Himesh Reshammiya, Arijit Singh",2,79,,,,,,,,,,,German,536101
2WpvkxcoLemN4ajPoW5gJB,A,INTLBLK005,2018-08-24,421868,False,Bad Channel,1,18,,,,,,,,,,,Filipino,306056
2rFTrQHfDnrJMCSbIZKgfI,A,02,2020-03-25,600000,False,Ambient Pads,1,16,,,,,,,,,,,Filipino,523115
2PvaburAUlhNHxVhw5lvOq,"Humdard (From ""Ek Villain"")",Ultimate Love Songs - Arijit Singh,2020-05-19,260590,False,Arijit Singh,1,79,,,,,,,,,,,Swedish,321602
2PFmvjh08Ze9MyZbRYot5J,A,Omega-3,2020-09-04,144370,False,"Sewerperson, Eric Godlow",2,18,,,,,,,,,,,Filipino,492895
5KbGoH8brEA9Jn6ZRgdsQd,A,N,2013-07-02,848653,False,Nisennenmondai,1,13,,,,,,,,,,,Filipino,250523
4VXIryQMWpIdGgYR4TrjT1,All Girls Are The Same,Goodbye & Good Riddance,2018-12-10,165819,True,Juice WRLD,1,85,,,,,,,,,,,English,869765
65g7OLnvhIbMLTAeG79sNR,a,untitled,2024-06-13,101028,False,samlrc,1,15,,,,,,,,,,,Filipino,55571
4IrexL7LinXMcoQvuDO0me,a,So,2003-09-09,253480,False,So,1,12,,,,,,,,,,,Filipino,725075
0gPgdRfB4jdGrlyXS0Vx78,Khuda Jaane,Bachna Ae Haseeno,2008-07-05,333583,False,"Vishal-Shekhar, KK, Shilpa Rao, Anvita Dutt Guptan",4,78,,,,,,,,,,,Somali,534877
4tUxCjtrLY0jg1vHcZOqWg,A,X Unknown Album,2019-08-29,234736,True,Oasix,1,2,,,,,,,,,,,Filipino,32536
7dbxhSoU2heFWsat03XJz0,A,Sand,2025-05-18,209919,False,Xyler,1,0,,,,,,,,,,,Filipino,926045
3t3wsY5IdLVzB9WidegJSU,Jeene Laga Hoon,Ramaiya Vastavaiya (Original Motion Picture Soundtrack),2013-07-19,236933,False,"Atif Aslam, Shreya Ghoshal, Sachin-Jigar",3,79,,,,,,,,,,,Estonian,816428
7ICfFWi1GFsC69crgjZLJO,a,"LOLI, Pt. 2",2022-04-28,112000,False,ancient heiakim,1,12,,,,,,,,,,,Filipino,794881
3BsBT8mLzyXsqJqXhmM853,A,Blindside,2016-04-19,1119864,False,Sister Grotto,1,6,,,,,,,,,,,Filipino,823593
76ec1a1bkFfOqoVf6e7nae,"Zamaana Lage (From ""Metro ... In Dino"")","Zamaana Lage (From ""Metro ... In Dino"")",2025-05-28,196138,False,"Pritam, Arijit Singh, Shashwat Singh, Qaisar-Ul-Jafri, Sandeep Srivastava",5,79,,,,,,,,,,,Dutch,100457
5Ptna7eZKrYTBDe8vjGERR,A,Wake Up,2022-07-08,98746,False,Potty Monkey,1,12,,,,,,,,,,,Filipino,416332
4eVmQEOANWWsSjcwMLaKmf,A,Lofi Type Beats,2020-03-26,106666,False,Oliver Jensen,1,13,,,,,,,,,,,Filipino,692795
1smFN2CLqGROu0J0UyvDfL,Shayad,Love Aaj Kal (Original Motion Picture Soundtrack),2020-02-14,247941,False,"Pritam, Arijit Singh",2,78,,,,,,,,,,,Somali,795529
4CvojHzvotZwmXDThBsHhm,A,The Miskatonic Scale,2014-05-23,82937,False,Buckethead,1,14,,,,,,,,,,,Filipino,262809
6WH0LHM2vFBLpmU5RFdDh2,A,Maybe You Should Drive,1994-08-12,259760,False,Barenaked Ladies,1,30,,,,,,,,,,,Filipino,822347
1JioaCninhpfY1filFEIZi,STFU,OKAY STFU,2025-05-02,174810,False,"AP Dhillon, Shinda Kahlon",2,80,,,,,,,,,,,German,10789
2Io9upA8uOqeEtt9kResPz,A,Percussion Part 3,2022-08-19,365070,False,Talismann,1,15,,,,,,,,,,,Filipino,651074
1529w06btmxSQPO38FsLug,A,Tiny Dots,2016-04-22,404212,False,La Dispute,1,16,,,,,,,,,,,Filipino,530715
1YMLgvsQdE27r30q0fsLeV,Tera Fitoor,Genius (Original Motion Picture Soundtrack),2018-08-24,310000,False,Arijit Singh,1,78,,,,,,,,,,,Portuguese,331101
0PzlH7jsm1KRnABbWDwRHM,A,Pillars,2016-12-05,168592,False,Luca,1,10,,,,,,,,,,,Filipino,790085
31AYVjq7PVvNiJDripKVgc,A,Heartless Love 2,2023-09-22,181230,True,Kane 2Rea1,1,1,,,,,,,,,,,Filipino,185174
4bD9z9qa4qg9BhryvYWB7c,Kabira,Yeh Jawaani Hai Deewani,2013-03-30,223459,False,"Pritam, Tochi Raina, Rekha Bhardwaj",3,78,,,,,,,,,,,Turkish,991145
10jatSuTMLUQJf3yL9wjLA,A,Fated,2015-05-04,120346,False,Nosaj Thing,1,16,,,,,,,,,,,Filipino,225337
6ziuYsSxx6VM7SYOmlGW9y,A,Sybyr's Single Compilation,2018-09-30,234358,True,Sybyr,1,10,,,,,,,,,,,Filipino,55315
3WLJ7D5kh44K5eJ1NqZQ6W,Baarishein,Baarishein,2018-01-12,207312,False,Anuv Jain,1,78,,,,,,,,,,,German,909562
3dBL9fAg2wqWaeuGka8upj,a,Pianos and Stuff Vol. 1,2021-06-18,96009,False,N33T,1,8,,,,,,,,,,,Filipino,222770
5lW2EbW3LdXZYgFVvTfuT0,A,Rain In Tequila,2022-09-21,194897,False,"Cloudybay, Gist",2,2,,,,,,,,,,,Filipino,811030
1fkjRQA8wXPPyxqYLbxuqy,Ishq Bulaava,Hasee Toh Phasee (Original Motion Picture Soundtrack),2014-01-05,303640,False,"Vishal-Shekhar, Sanam Puri, Shipra Goyal",3,78,,,,,,,,,,,Albanian,564928
2OuIYXt3E8ZXTpPPwzYnZo,A,é,2017-05-04,498644,False,DECADENT,1,13,,,,,,,,,,,Filipino,181062
5Zan2utAdV0oOBSFlVx0W7,A,MALIBU,2019-12-26,303158,True,The Ian Moore,1,4,,,,,,,,,,,Filipino,777179
32765xcLM1fd6wQIpkN9A0,Hasi - Male Version,Hamari Adhuri Kahani (Original Motion Picture Soundtrack),2015-05-21,272668,False,"Ami Mishra, Kunaal Vermaa",2,77,,,,,,,,,,,German,360081
4gHiLZ6QCZmGDsdrKTJQoG,A,Meine Freundin & Ich,2024-06-03,30675,False,Salim Samatou,1,1,,,,,,,,,,,Filipino,530941
6l0GqFdludHxjHLfFW72dm,A,Chroma,2005-07-25,585053,False,Cartel,1,35,,,,,,,,,,,Filipino,244877
6auHTwqyXhkCusOtzyeVml,a,a,2023-12-15,161843,False,"Milkoi, proxy3096",2,6,,,,,,,,,,,Filipino,965952
0CPU7wftoeXs4Smok8m7w4,A,fuck lofi hiphop 24/7,2020-04-05,108387,True,RITCHRD,1,5,,,,,,,,,,,Filipino,176004
4Tkb7zsDmsawB7S5TpKQV1,Pehli Dafa,Pehli Dafa,2017-01-06,298771,False,"Atif Aslam, Shiraz Uppal",2,78,,,,,,,,,,,German,904277
37Rpdz99fpVjaVQYCqpULE,A,soul of the sky: diary,2024-12-29,178144,False,Nitsua,1,11,,,,,,,,,,,Filipino,931461
4zZ5EdzDSzC7Q9YSUMVGBt,A,A,2022-12-15,185454,False,DP Entertainment,1,22,,,,,,,,,,,Filipino,124579
0Hpbm5KLb2ziWEa7b9Cgzn,A,舟游录,2022-08-26,210005,False,"4 D, 黄之仪, LEGGO, APEX",4,13,,,,,,,,,,,Filipino,885724
7nhbALwtVTPK6vFRdmTEe8,Å,Nordland (Calm Side),2022-05-20,216286,False,relaxdaily,1,4,,,,,,,,,,,Danish,468118
0FBQ4NrrHUbR9kus7rzrOj,Dil Diyan Gallan,YRF Top 10 - Falling in Love,2021-02-13,260536,False,Atif Aslam,1,78,,,,,,,,,,,Filipino,121891
2m6O0Ln0JXtWbrgNJnYmAF,a,ABC,2025-04-28,407272,False,Sasa Radic,1,11,,,,,,,,,,,Filipino,300189
4I8HceiyEXv3haXkZXCwYZ,A,A / B,2021-10-29,391680,False,AMAYLIA,1,1,,,,,,,,,,,Filipino,534133
02Ck2nLoW3TpgGV6uwvK5Z,"Premalo (From ""Court"")","Premalo (From ""Court"")",2025-02-14,331489,False,"Vijai Bulganin, Anurag Kulkarni, Sameera Bharadwaj, Purnachary",4,77,,,,,,,,,,,English,818074
2K9pWmceE81LvhueyZqr3f,A,Hasenchartbreaker,2000-03-20,170032,False,Knorkator,1,16,,,,,,,,,,,Filipino,36555
231p2EytaWfH3rT4m92duG,A,OH,2024-03-15,63749,False,CHATON,1,2,,,,,,,,,,,Filipino,424743
0GQngE2rOYvlKwEQjTAsP8,Subhanallah,Yeh Jawaani Hai Deewani,2013-03-30,249707,False,"Pritam, Sreeram, Shilpa Rao",3,78,,,,,,,,,,,Indonesian,696390
6t0Zna6jN21dcd2iN6fpMy,A,A,2020-04-15,149243,True,Edo Saiya,1,19,,,,,,,,,,,Filipino,572322
2zwkuI1INjA7UlQfJaKmd3,A,A,2024-01-12,217249,True,"proop, candyboii",2,5,,,,,,,,,,,Filipino,273961
1PDREqVNvmphIoNac3Vz8c,Sanam Teri Kasam,Sanam Teri Kasam (Original Motion Picture Soundtrack),2016-01-06,314000,False,"Himesh Reshammiya, Ankit Tiwari, Palak Muchhal",3,77,,,,,,,,,,,Indonesian,581459
6FgHB9FCXr3Hnwm2HdGA6v,A,Into the Night,2017-07-14,263754,False,The Monotones,1,3,,,,,,,,,,,Filipino,174787
63CqWX5TIs9PslQYDwVZh7,A,A,2025-04-21,168999,False,Isaac Meyer,1,2,,,,,,,,,,,Filipino,345684
4BTPzhEsyW3blWcxcuhLM0,Mitwa,Kabhi Alvida Naa Kehna (Original Motion Picture Soundtrack),2006-06-08,382973,False,"Shankar-Ehsaan-Loy, Shankar Mahadevan, Caralisa Monteiro, Shafqat Amanat Ali",4,76,,,,,,,,,,,Swahili,845733
2SuyyRbbciDBXEZerQ6PE1,A,Terminal,2018-07-06,119786,False,Bongripper,1,23,,,,,,,,,,,Filipino,85033
778IQZBdgVeY3MkFQ6zEfB,A,A,2022-09-30,257238,False,Klinger,1,2,,,,,,,,,,,Filipino,400063
06LCamFUOtImIKi9mFRKiD,"Tum Kya Mile (From ""Rocky Aur Rani Kii Prem Kahaani"")","Tum Kya Mile (From ""Rocky Aur Rani Kii Prem Kahaani"")",2023-06-28,277500,False,"Pritam, Arijit Singh, Shreya Ghoshal, Amitabh Bhattacharya",4,74,,,,,,,,,,,Indonesian,968852
0TEY4KX21SHwgnbDRYB3YM,A,Abfucks,2024-06-07,115500,True,Sazou,1,7,,,,,,,,,,,Filipino,122305
7mPEWRcIHJQemIYpyOW7fN,A,MERZXIU,2015-04-18,1192342,False,"Merzbow, Xiu Xiu",2,8,,,,,,,,,,,Filipino,660822
1PALLCSlHwAI4upY3sMg8u,"Jaana Samjho Na (From ""Bhool Bhulaiyaa 3"")","Jaana Samjho Na (From ""Bhool Bhulaiyaa 3"")",2024-10-22,212108,False,"Aditya Rikhari, Tulsi Kumar, Lijo George-Dj Chetas",3,77,,,,,,,,,,,Somali,105426
4xlAKM3zQHg70J0lyv2aX7,A,BALLAD BEST,2024-03-13,229866,False,EXILE SHOKICHI,1,4,,,,,,,,,,,Filipino,855636
1o8YPl0hyGbpRcHplXNvsm,"Khoobsurat (From ""Stree 2"")","Khoobsurat (From ""Stree 2"")",2024-08-09,244583,False,"Sachin-Jigar, Vishal Mishra, Amitabh Bhattacharya",3,76,,,,,,,,,,,English,871391
5Ggb9pKiKcr5vNV9v1e1vs,"Tumhare Hi Rahenge Hum (From ""Stree 2"")","Tumhare Hi Rahenge Hum (From ""Stree 2"")",2024-08-06,230086,False,"Sachin-Jigar, Varun Jain, Shilpa Rao, Amitabh Bhattacharya",4,76,,,,,,,,,,,German,300815
5thVzD79BxlDTYy0LfHzvu,Zaroor,Zaroor,2024-05-28,175448,False,"Aparshakti Khurana, Savi Kahlon",2,77,,,,,,,,,,,Dutch,734134
5cgKosPPj5Cs9a2JQufUc1,Ilahi,Yeh Jawaani Hai Deewani,2013-03-30,228982,False,"Pritam, Arijit Singh",2,77,,,,,,,,,,,Indonesian,802311
0KSOLEBixnBYIKNHF1VbzF,Hona Tha Pyar,Bol (Original Motion Picture Soundtrack),2011-06-05,221986,False,"Atif Aslam, Hadiqa Kiani",2,77,,,,,,,,,,,Filipino,515252
1fDFHXcykq4iw8Gg7s5hG9,About You,Being Funny In A Foreign Language,2022-10-14,326490,False,The 1975,1,88,,,,,,,,,,,English,12704
29m79w9xPMH4YCD6r8JSmV,Excuses,Excuses,2020-07-24,176232,False,"AP Dhillon, Gurinder Gill, Intense",3,77,,,,,,,,,,,Catalan,306717
5OMUXgfXsSukZ0zxelpC3b,"Raanjhanaa (From ""Raanjhanaa"")",Raanjhanaa (Original Motion Picture Soundtrack),2013-05-31,254653,False,"A.R. Rahman, Jaswinder Singh, Shiraz Uppal",3,77,,,,,,,,,,,Somali,978423
3tgdOveYac7YMEAQD9sGLf,Bulleya,Sultan,2016-05-31,357067,False,"Vishal-Shekhar, Papon, Irshad Kamil",3,76,,,,,,,,,,,Turkish,255032
6VBhH7CyP56BXjp8VsDFPZ,"Kesariya (From ""Brahmastra"")","Kesariya (From ""Brahmastra"")",2022-07-17,268164,False,"Pritam, Arijit Singh, Amitabh Bhattacharya",3,77,,,,,,,,,,,Indonesian,136109
1d5lpW3gUyq537iuyrb9Lf,Samjho Na,Samjho Na,2022-02-10,172408,False,Aditya Rikhari,1,77,,,,,,,,,,,Swahili,285821
7hDoxkN20lLb06zifzYnD2,"Ishq - From ""Lost;Found""","Ishq (From ""Lost;Found"")",2024-03-09,228639,False,"Faheem Abdullah, Rauhan Malik, Amir Ameer",3,76,,,,,,,,,,,English,731806
2Z6HgNji9cNlFLNORw6wDQ,"Channa Ve - From ""Bhoot - Part One: The Haunted Ship""","Channa Ve (From ""Bhoot - Part One: The Haunted Ship"" / Original Motion Picture Soundtrack)",2020-02-12,211578,False,"Mansheel Gujral, Akhil Sachdeva",2,76,,,,,,,,,,,English,152970
69tPsAXkjn3cTXoLSMr6d3,"Dil Ka Kya (From ""Metro ... In Dino"")","Dil Ka Kya (From ""Metro ... In Dino"")",2025-06-09,360063,False,"Pritam, Raghav Chaitanya, Anurag Sharma",3,69,,,,,,,,,,,German,647836
1tf2iody5iRLYYPDSBpzRc,Soulmate,Ek Tha Raja,2024-03-18,213599,False,"Badshah, Arijit Singh",2,76,,,,,,,,,,,Finnish,693802
2E5kZ1qnB7V9bcwBEKvZv8,"Kasturi (From ""Amar Prem Ki Prem Kahani"")","Kasturi (From ""Amar Prem Ki Prem Kahani"")",2024-09-17,232568,False,"Arijit Singh, Prasad S, Kunaal Vermaa",3,75,,,,,,,,,,,Indonesian,76401
5sUSbJo0brScvv48ZZ1HrQ,O Meri Laila,Laila Majnu (Original Motion Picture Soundtrack),2018-10-30,281856,False,"Atif Aslam, Jyotica Tangri",2,76,,,,,,,,,,,Indonesian,659726
0l6g8Z8mqGbGXFOjigYetD,Hawayein,Jab Harry Met Sejal (Original Motion Picture Soundtrack),2017-08-03,289999,False,"Pritam, Arijit Singh",2,76,,,,,,,,,,,Swahili,789456
1cKHdTo9u0ZymJdPGSh6nq,I Was Never There,"My Dear Melancholy,",2018-03-30,241066,False,"The Weeknd, Gesaffelstein",2,86,,,,,,,,,,,English,71995
0vua5LbAth2HzKqpbnVRZk,Nee Singam Dhan,Pathu Thala (Original Motion Picture Soundtrack),2023-03-18,247794,False,"A.R. Rahman, Sid Sriram",2,76,,,,,,,,,,,Indonesian,663816
7G5wpuR61ABrT7R1snos7C,Kalank - Title Track,Kalank (Original Motion Picture Soundtrack),2019-04-14,311186,False,"Pritam, Arijit Singh",2,76,,,,,,,,,,,Turkish,681632
2C6CJGFLbisteRuY6Plb7b,Ve Haaniyaan,Ve Haaniyaan,2024-01-19,240000,False,"Danny, Avvy Sra, Sagar",3,76,,,,,,,,,,,Somali,872566
6t9KM2EQD4H2KbrTgHGYf3,"Taras - From ""Munjya""","Taras (From ""Munjya"")",2024-05-27,188814,False,"Sachin-Jigar, Jasmine Sandlas, Amitabh Bhattacharya",3,76,,,,,,,,,,,Indonesian,265817
6cUOiOY5qh2FpIQWIYAd2h,Mehrama,Love Aaj Kal (Original Motion Picture Soundtrack),2020-02-14,249415,False,"Pritam, Darshan Raval, Antara Mitra",3,75,,,,,,,,,,,Indonesian,898504
4sTlQPMyoFMPdhAJvErBN3,PASSO BEM SOLTO - Slowed,PASSO BEM SOLTO,2024-04-23,116072,False,ATLXS,1,92,,,,,,,,,,,Polish,319274
6H7fLdt0AeWpuxUKXuXWrx,Shree Hanuman Chalisa,Shree Hanuman Chalisa (Hanuman Ashtak),1992-01-01,586075,False,Hariharan,1,76,,,,,,,,,,,English,489474
0kYBzFJ5a2Jozi6cI4y9Bp,Jo Tere Sang,Blood Money (Original Motion Picture Soundtrack),2012-02-14,306173,False,"Jeet Gannguli, Mustafa Zahid",2,75,,,,,,,,,,,English,439295
4kaLkst9lT3sQ5Crgxs3ic,Pani Da Rang - Male Vocals,Vicky Donor (Original Motion Picture Soundtrack),2012-04-09,240786,False,"Ayushmann Khurrana, Rochak Kohli",2,75,,,,,,,,,,,Filipino,384394
3beYHVCFKzbdNjJqjKeYpM,Teri Jhuki Nazar,Murder 3 (Original Motion Picture Soundtrack),2013-02-01,279186,False,"Pritam, Shafqat Amanat Ali",2,75,,,,,,,,,,,Swahili,237371
1tCduDqB3J8r90FAxprLzO,Nazm Nazm,Hits of Ayushmann Khurrana,2023-07-07,226941,False,Arko,1,74,,,,,,,,,,,Polish,586006
69uxyAqqPIsUyTO8txoP2M,Adventure of a Lifetime,A Head Full of Dreams,2015-12-04,263786,False,Coldplay,1,88,,,,,,,,,,,English,780762
2ZD4aIEepqZsdxPxLSuUhm,Tere Pyaar Mein,"Tere Pyaar Mein (From ""Tu Jhoothi Main Makkaar"")",2023-02-01,266094,False,"Pritam, Arijit Singh, Amitabh Bhattacharya, Nikhita Gandhi",4,75,,,,,,,,,,,German,903173
7AsG1F1eMWd17RYan8M3Wm,Dil Nu,Two Hearts Never Break The Same,2022-10-07,233666,False,"AP Dhillon, Shinda Kahlon",2,76,,,,,,,,,,,German,176491
498N5tXDvgIuJOa7qTfglg,Ek Khtola Jail Ke Bhitar,Ek Khtola Jail Ke Bhitar,2023-05-20,166069,False,Masoom Sharma,1,74,,,,,,,,,,,Estonian,179182
2ceeTJAzKy295Fm0VsaXtE,"Tum Se (From ""Teri Baaton Mein Aisa Uljha Jiya"")","Tum Se (From ""Teri Baaton Mein Aisa Uljha Jiya"")",2024-02-02,264089,False,"Sachin-Jigar, Raghav Chaitanya, Varun Jain, Indraneel",4,81,,,,,,,,,,,Indonesian,577322
5a2Hoi1wuhCA6Ob7pbOlpW,Sun Saathiya,ABCD 2 (Original Motion Picture Soundtrack),2018-08-24,218724,False,"Divya Kumar, Priya Saraiya",2,75,,,,,,,,,,,Somali,639380
6bmmHeCvZI92pRiTHxEdTC,O Maahi,Dunki,2023-12-20,233453,False,"Pritam, Arijit Singh, Irshad Kamil",3,76,,,,,,,,,,,Somali,279697
1wnozUBSe7OMpmZiTPJC5j,"Tum Tak (From ""Raanjhanaa"")",Raanjhanaa (Original Motion Picture Soundtrack),2013-05-31,304466,False,"A.R. Rahman, Javed Ali, KIRTI SAGATHIA, Pooja AV",4,75,,,,,,,,,,,Indonesian,700994
1aNQ9Nz0gzJXVm6kuXcIbq,ACIDO,ACIDO,2024-10-31,75697,False,"UdieNnx, Mc Gw",2,77,,,,,,,,,,,Filipino,551303
3nKQrVVlwbAQSnFbgZWdN0,White Brown Black,White Brown Black,2022-12-09,175999,False,"Avvy Sra, Karan Aujla, Jaani",3,76,,,,,,,,,,,English,74893
5a11x5PUFvJEadMRqtNtTr,Piya O Re Piya,Tere Naal Love Ho Gaya (Original Motion Picture Soundtrack),2011-02-24,292746,False,"Atif Aslam, Shreya Ghoshal, Sachin-Jigar",3,75,,,,,,,,,,,Filipino,546912
4CGBTtlrjZj7ydpV52cgB4,Maula Mere Maula,Anwar,2007-01-12,364329,False,Roop Kumar Rathod,1,74,,,,,,,,,,,Romanian,404712
2aH78X2rspZ3RibbAFXdjh,Mard,Mard,2025-03-26,157204,False,"Masoom Sharma, Pinna Music, Amar Karnawal",3,74,,,,,,,,,,,Turkish,795776
0rlLBWFFTQiOWi963SH9bb,Choo Lo,Aalas Ka Pedh,2015-09-25,233630,False,The Local Train,1,75,,,,,,,,,,,English,787158
4bIQXffbALkCC0Xo6aTicP,Maahi,RAAZ - The Mystery Continues (Original Motion Picture Soundtrack),2008-12-01,329106,False,"Shaarib Toshi, Toshi Sabri",2,75,,,,,,,,,,,Somali,560769
0ojpEubhy4JNeVftmVuiN7,Pehla Pyaar,Kabir Singh,2019-06-14,272532,False,"Armaan Malik, Vishal Mishra, Irshad Kamil",3,74,,,,,,,,,,,Indonesian,291245
7gqmoEWBvt6srOCDgTMEHM,MAUNA LOA,MAUNA LOA,2025-04-30,147750,False,"Vedan, AZWIN",2,74,,,,,,,,,,,Hungarian,457224
2PxZSFOv7RebkeSEwQTjr7,Tera Mera Rishta,Awarapan (Original Motion Picture Soundtrack),2022-03-21,347040,False,Mustafa Zahid,1,75,,,,,,,,,,,Albanian,661752
610keNiNVTIkYD0CqeSerg,California Love,ANYWAY,2023-01-30,175686,True,"Cheema Y, Gur Sidhu",2,75,,,,,,,,,,,English,207427
5jqNQZBwbZWQXPWfo0ygZF,Art Deco,Honeymoon,2015-09-18,295066,False,Lana Del Rey,1,82,,,,,,,,,,,English,576372
0VjIjW4GlUZAMYd2vXMi3b,Blinding Lights,After Hours,2020-03-20,200040,False,The Weeknd,1,91,,,,,,,,,,,English,353789
2nMeu6UenVvwUktBCpLMK9,Young And Beautiful,Young And Beautiful,2013-01-01,236053,False,Lana Del Rey,1,89,,,,,,,,,,,English,49542
0nrJ7jsUFR0pDHV6NvKJje,Muththa Mazhai (Reprise),Thug Life (Tamil),2025-06-04,240264,False,"A.R. Rahman, Chinmayi, Siva Ananth",3,72,,,,,,,,,,,English,175674
3U4isOIWM3VvDubwSI3y7a,All of Me,Love In The Future (Expanded Edition),2013-08-30,269560,False,John Legend,1,88,,,,,,,,,,,English,18035
7DY756WOLyOz2Xnhw4EFiC,São Paulo (feat. Anitta),Hurry Up Tomorrow,2025-01-31,301623,True,"The Weeknd, Anitta",2,88,,,,,,,,,,,Portuguese,247240
49t3uvN9hUNefdvtaD6HBj,LUNA BALA - Slowed,LUNA BALA,2025-04-18,124110,False,"Yb Wasg'ood, Ariis",2,90,,,,,,,,,,,English,613232
5ZUIPLoTLJZrPQh2kFZEUM,Addicted,Addicted,2024-03-29,152250,True,"Zerb, The Chainsmokers, Ink",3,83,,,,,,,,,,,English,893176
6egfWbtFFhMToV2DvmEzmo,"Tu Hain Toh (From ""Mr. And Mrs. Mahi"")",Mr. And Mrs. Mahi (Original Motion Picture Soundtrack),2024-05-24,283539,False,"Bunny, Hunny, Sagar",3,76,,,,,,,,,,,English,899707
3UpS7kBnkVQYG13pDDFTC4,As Long as You Love Me,Backstreet's Back,1997-08-12,221106,False,Backstreet Boys,1,82,,,,,,,,,,,English,357314
2lCkncy6bIB0LTMT7kvrD1,Azul,Colores,2020-03-19,205933,False,J Balvin,1,86,,,,,,,,,,,Hungarian,189011
5ZLUm9eab8y3tqQ1OhQSHI,Abracadabra,Abracadabra,2025-02-03,223398,False,Lady Gaga,1,91,,,,,,,,,,,Somali,536439
4Q0qVhFQa7j6jRKzo3HDmP,Sapphire,Sapphire,2025-06-05,179082,False,Ed Sheeran,1,88,,,,,,,,,,,English,531711
221qmpQeBNV87sUjQeUTVH,Around Me (feat. Don Toliver),HEROES & VILLAINS,2022-12-02,191520,True,"Metro Boomin, Don Toliver",2,81,,,,,,,,,,,English,596110
73kIKvg65QWieOKXIwyLJP,All The Way (feat. Bailey Zimmerman),All The Way (feat. Bailey Zimmerman),2025-04-04,165000,True,"BigXthaPlug, Bailey Zimmerman",2,88,,,,,,,,,,,English,127431
51rfRCiUSvxXlCSCfIztBy,"I Love You, I'm Sorry",The Secret of Us,2024-06-21,157146,True,Gracie Abrams,1,90,,,,,,,,,,,English,700385
2rbDhOo9Fh61Bbu23T2qCk,Always Remember Us This Way,A Star Is Born Soundtrack (Without Dialogue),2018-10-05,210200,False,Lady Gaga,1,87,,,,,,,,,,,English,991231
5nPbKG04fhLkIAjcPFaZq7,I Adore You (feat. Daecolm),I Adore You (feat. Daecolm),2024-07-19,214000,False,"HUGEL, Topic, Arash, Daecolm",4,90,,,,,,,,,,,English,578700
4LkkRLP8pldQer1YRrHwkx,LOS VOLTAJE,LOS VOLTAJE,2025-04-11,99285,False,"Sayfalse, Yb Wasg'ood, Ariis",3,88,,,,,,,,,,,German,881141
5TTGoX70AFrTvuEtqHK37S,No. 1 Party Anthem,AM,2013-09-09,243131,False,Arctic Monkeys,1,90,,,,,,,,,,,English,495285
7qiZfU4dY1lWllzX7mPBI3,Shape of You,÷ (Deluxe),2017-03-03,233712,False,Ed Sheeran,1,91,,,,,,,,,,,English,524215
47BBI51FKFwOMlIiX6m8ya,I Want It That Way,Millennium,1999-05-18,213306,False,Backstreet Boys,1,87,,,,,,,,,,,English,34490
4h9wh7iOZ0GGn8QVp4RAOB,I Ain't Worried,"I Ain’t Worried (Music From The Motion Picture ""Top Gun: Maverick"")",2022-05-13,148485,False,OneRepublic,1,86,,,,,,,,,,,English,96311
4255amV4enzl28KAn16rUO,Are You With Me,Less Is More,2016-10-21,138013,False,Lost Frequencies,1,84,,,,,,,,,,,English,213635
2LHNTC9QZxsL3nWpt8iaSR,Abracadabra,MAYHEM,2025-03-07,223398,False,Lady Gaga,1,88,,,,,,,,,,,Somali,135997
2LlOeW5rVcvl3QcPNPcDus,Always,NEVER ENOUGH,2023-04-07,225312,True,Daniel Caesar,1,84,,,,,,,,,,,Somali,982610
0tgVpDi06FyKpA1z0VMD4v,Perfect,÷ (Deluxe),2017-03-03,263400,False,Ed Sheeran,1,91,,,,,,,,,,,English,681916
34Fh4HXZmnuBdtgejWUZg2,"Dekhha Tenu (From ""Mr. And Mrs. Mahi"")","Dekhha Tenu (From ""Mr. And Mrs. Mahi"")",2024-05-14,281511,False,"Mohammad Faiz, Jaani",2,75,,,,,,,,,,,Indonesian,310933
7G7mSV4BebkoHWwKTDvXu9,Winter Ahead (with PARK HYO SHIN),Winter Ahead (with PARK HYO SHIN),2024-11-29,234895,False,"V, Park Hyo Shin",2,84,,,,,,,,,,,English,45653
5FVd6KXrgO9B3JPmC8OPst,Do I Wanna Know?,AM,2013-09-09,272394,False,Arctic Monkeys,1,90,,,,,,,,,,,Polish,283772
5Qv2Nby1xTr9pQyjkrc94J,All I Need,In Rainbows,2007-12-28,228746,False,Radiohead,1,85,,,,,,,,,,,English,681610
2FQrifJ1N335Ljm3TjTVVf,A Bar Song (Tipsy),A Bar Song (Tipsy),2024-04-12,171291,True,Shaboozey,1,88,,,,,,,,,,,Filipino,104660
2cPUB8EOT6AfJ8oxhyoNXL,Ye Tune Kya Kiya,Once Upon Ay Time In Mumbai Dobaara !,2013-07-22,314239,False,"Pritam, Javed Bashir",2,83,,,,,,,,,,,Swahili,187452
1daDRI9ahBonbWD8YcxOIB,Angels Like You,Plastic Hearts,2020-11-27,196453,False,Miley Cyrus,1,85,,,,,,,,,,,Afrikaans,241119
32OlwWuMpZ6b0aN2RZOeMS,Uptown Funk (feat. Bruno Mars),Uptown Special,2015-01-12,269666,False,"Mark Ronson, Bruno Mars",2,88,,,,,,,,,,,English,595905
5TxRUOsGeWeRl3xOML59Ai,ARE WE STILL FRIENDS?,IGOR,2019-05-17,265480,True,"Tyler, The Creator",1,87,,,,,,,,,,,English,420626
7IBqHkoP94VrgYKVns4eNz,FUNK DO BOUNCE (Slowed),FUNK DO BOUNCE (Slowed),2024-08-30,107539,False,Ariis,1,84,,,,,,,,,,,English,349615
3RiPr603aXAoi4GHyXx0uy,Hymn for the Weekend,A Head Full of Dreams,2015-12-04,258266,False,Coldplay,1,87,,,,,,,,,,,English,181042
2S2od3hT7ceytw7d1pTRuE,Again (feat. XXXTENTACION),Again (feat. XXXTENTACION),2017-09-22,193961,False,"Noah Cyrus, XXXTENTACION",2,85,,,,,,,,,,,English,564491
0ct6r3EGTcMLPtrXHDvVjc,The Nights,The Days / Nights,2014-01-01,176658,False,Avicii,1,88,,,,,,,,,,,English,751306
2374M0fQpWi3dLnB54qaLX,Africa,Toto IV,1982-04-08,295893,False,TOTO,1,89,,,,,,,,,,,English,909719
4bjN59DRXFRxBE1g5ne6B1,Haegeum,D-DAY,2023-04-21,168926,False,Agust D,1,87,,,,,,,,,,,German,155692
2pUpNOgJBIBCcjyQZQ00qU,Let Her Go,All the Little Lights (Deluxe),2013-11-29,252733,False,Passenger,1,82,,,,,,,,,,,German,963002
5QO79kh1waicV47BqGRL3g,Save Your Tears,After Hours,2020-03-20,215626,True,The Weeknd,1,88,,,,,,,,,,,English,347940
7so0lgd0zP2Sbgs2d7a1SZ,Die With A Smile,MAYHEM,2025-03-07,251667,False,"Lady Gaga, Bruno Mars",2,91,,,,,,,,,,,German,574738
1NCuYqMc8hKMb4cpNTcJbD,Another Day in Paradise - 2016 Remaster,...But Seriously (Deluxe Edition),1989-11-20,322133,False,Phil Collins,1,84,,,,,,,,,,,English,546384
0BxE4FqsDD1Ot4YuBXwAPp,505,Favourite Worst Nightmare,2007-04-22,253586,False,Arctic Monkeys,1,89,,,,,,,,,,,Unknown,143909
7tCXmtYrYNFWMa7vyQfuAI,A Better World,A Better World,2025-06-13,172606,False,"David Guetta, Cedric Gervais",2,70,,,,,,,,,,,English,324972
0YQJoDL6f46J0n1rOVkpxJ,Softly,Making Memories,2023-08-18,155161,False,"Karan Aujla, Ikky",2,80,,,,,,,,,,,English,978533
5wqMM6wOwXmX4rc1C3lUkd,Courtside,Courtside,2025-05-13,168125,False,"Karan Aujla, Signature By SB",2,81,,,,,,,,,,,French,789455
48WnIIBbnttcwUQ77MBoMI,MONTAGEM LADRAO,MONTAGEM LADRAO,2025-02-05,75240,True,"ATLXS, MXZI, Itamar Mc",3,82,,,,,,,,,,,Catalan,385574
2uqYupMHANxnwgeiXTZXzd,Austin (Boots Stop Workin'),What Happens Now?,2024-02-16,171782,True,Dasha,1,88,,,,,,,,,,,English,917058
5VvkNZesG4T86mUULEG5Wp,Maiyya,Do Patti,2024-10-24,214250,False,"Sachet-Parampara, Sachet Tandon, Parampara Tandon, Kausar Munir",4,79,,,,,,,,,,,Swahili,497701
6qqrTXSdwiJaq8SO0X2lSe,Ordinary,Ordinary,2025-02-07,186964,False,Alex Warren,1,97,,,,,,,,,,,English,380967
3FqtduiaqnFYvBgKuc6QWQ,Winning Speech,Winning Speech,2024-05-16,227441,False,"Karan Aujla, Seshnolan",2,79,,,,,,,,,,,German,133230
6kWJvPfC4DgUpRsXKNa9z9,All That She Wants,The Sign,1993-12-24,211213,False,Ace of Base,1,84,,,,,,,,,,,English,919383
72zHuDxFQTjbL51qJQSA7j,"Ranjha (From ""Shershaah"")","Ranjha (From ""Shershaah"")",2021-08-05,228855,False,"Jasleen Royal, B Praak, Romy",3,79,,,,,,,,,,,Somali,800563
6rZ1ZoOM1FaX3RU5FXUDlk,Winter Ahead (with PARK HYO SHIN),Winter Ahead (with PARK HYO SHIN) : Silent Carol Ver.,2024-12-03,234895,False,"V, Park Hyo Shin",2,80,,,,,,,,,,,English,580385
1RnPdd7EKKhKN3E4o4DRsh,MONTAGEM BAILÃO,MONTAGEM BAILÃO,2025-04-04,103727,True,"Repsaj, ATLXS, Mc Jhey",3,87,,,,,,,,,,,Indonesian,800121
33TCfb4mgWlCTzxb1q21r9,Winter Ahead (with PARK HYO SHIN),Winter Ahead (with PARK HYO SHIN) : YUNSEOKCHEOL TRIO Ver.,2024-12-20,234895,False,"V, Park Hyo Shin",2,80,,,,,,,,,,,English,525329
2IoZMG3RqiTmsy7Li3zGFg,"Mere Sohneya (From ""Kabir Singh"")","Mere Sohneya (From ""Kabir Singh"")",2019-06-06,193355,False,"Sachet Tandon, Parampara Tandon, Sachet-Parampara",3,79,,,,,,,,,,,Turkish,227580
56sk7jBpZV0CD31G9hEU3b,Animal I Have Become,One-X,2006-06-25,231400,False,Three Days Grace,1,83,,,,,,,,,,,Italian,304220
49FYlytm3dAAraYgpoJZux,Umbrella,Good Girl Gone Bad: Reloaded,2008-06-02,275986,False,"Rihanna, JAY-Z",2,86,,,,,,,,,,,Italian,21779
5Ravsw8TmHN5wBiYPPYUFw,Right Now (Na Na Na),Freedom,2008-01-01,240746,False,Akon,1,82,,,,,,,,,,,English,533030
12VH4g5pTMZmrUVzfJq7F7,M a k e I t T o T h e M o r n i n g,PARTYNEXTDOOR 4 (P4),2024-04-26,168453,True,PARTYNEXTDOOR,1,86,,,,,,,,,,,Welsh,743273
086myS9r57YsLbJpU0TgK9,Why'd You Only Call Me When You're High?,AM,2013-09-09,161123,False,Arctic Monkeys,1,88,,,,,,,,,,,English,136078
7kb6IV0z8Nd7vejSdAq0YN,Stop The Rain (TABLO X RM),Stop The Rain (TABLO X RM),2025-05-02,190356,False,"TABLO, RM",2,83,,,,,,,,,,,English,982646
3fuyYaLhZ2RoP9eWpvfP1H,A New Kind Of Love - Demo,A New Kind Of Love (Demo),2022-04-08,259071,False,"Frou Frou, Imogen Heap, Guy Sigsworth",3,82,,,,,,,,,,,English,463701
2kQuhkFX7uSVepCD3h29g5,Smack That,Konvicted,2006-01-01,212360,True,"Akon, Eminem",2,87,,,,,,,,,,,English,640196
2RkZ5LkEzeHGRsmDqKwmaJ,Ordinary,"You'll Be Alright, Kid (Chapter 1)",2024-09-26,186964,False,Alex Warren,1,95,,,,,,,,,,,English,836135
49oOgXKqm6xTavBtekzVHg,ATTITUDE,IVE EMPATHY,2025-02-03,194733,False,IVE,1,75,,,,,,,,,,,Filipino,98529
6RiiSy9GzSwiyDEJDiMuKe,Something About You,Mulholland Drive,2021-08-27,153312,False,"Eyedress, Dent May",2,86,,,,,,,,,,,English,859176
2LawezPeJhN4AWuSB0GtAU,Have You Ever Seen The Rain,Pendulum (Expanded Edition),1970-12-07,160133,False,Creedence Clearwater Revival,1,88,,,,,,,,,,,English,785384
4kLLWz7srcuLKA7Et40PQR,I Gotta Feeling,THE E.N.D. (THE ENERGY NEVER DIES) [Deluxe Version],2009-01-01,289133,False,Black Eyed Peas,1,86,,,,,,,,,,,Italian,340498
51ZQ1vr10ffzbwIjDCwqm4,we can't be friends (wait for your love),eternal sunshine,2024-03-08,228639,False,Ariana Grande,1,89,,,,,,,,,,,English,803732
6koKhrBBcExADvWuOgceNZ,Open Arms (feat. Travis Scott),SOS,2022-12-08,239613,False,"SZA, Travis Scott",2,84,,,,,,,,,,,English,927767
3Kl8p2PxVf8eAayLwTxOIm,Dil Ibaadat,Tum Mile (Original Motion Picture Soundtrack),2009-09-08,329386,False,"Pritam, KK",2,77,,,,,,,,,,,Somali,89981
3USxtqRwSYz57Ewm6wWRMp,Heat Waves,Dreamland,2020-08-07,238805,False,Glass Animals,1,90,,,,,,,,,,,English,643817
18m5dJOPB2geFwOymXNaWg,AURORA,LO MISMO DE SIEMPRE,2025-05-18,192853,True,"Mora, De La Rose",2,86,,,,,,,,,,,Filipino,384783
3azJifCSqg9fRij2yKIbWz,The Color Violet,Alone At Prom,2021-12-10,226466,False,Tory Lanez,1,87,,,,,,,,,,,English,322374
6rFckZb1cuJYzsZiGHgqks,52 Bars,Four You,2023-02-04,214024,True,"Karan Aujla, Ikky",2,77,,,,,,,,,,,Indonesian,339181
5JVbvCHX10U2pLa5DEqGav,Safe and Sound,In A Tidal Wave of Mystery,2013-06-04,192789,False,Capital Cities,1,88,,,,,,,,,,,English,272244
7KA4W4McWYRpgf0fWsJZWB,See You Again (feat. Kali Uchis),Flower Boy,2017-07-21,180386,True,"Tyler, The Creator, Kali Uchis",2,93,,,,,,,,,,,English,896488
0VO8gYVDSwM1Qdd2GsMoYK,Moth To A Flame (with The Weeknd),Paradise Again,2022-04-15,234000,False,"Swedish House Mafia, The Weeknd",2,83,,,,,,,,,,,English,579370
5fZJQrFKWQLb7FpJXZ1g7K,A Bar Song (Tipsy),"Where I've Been, Isn't Where I'm Going",2024-05-31,171291,True,Shaboozey,1,86,,,,,,,,,,,Filipino,631049
6mQLN3zRtAp6ovjusyYKrV,Rewrite The Stars (with James Arthur & Anne-Marie),Rewrite The Stars (with James Arthur & Anne-Marie),2018-10-25,218293,False,"James Arthur, Anne-Marie",2,83,,,,,,,,,,,English,791486
0nrRP2bk19rLc0orkWPQk2,Wake Me Up,True,2013-09-16,247426,False,Avicii,1,89,,,,,,,,,,,Swahili,325509
3di5hcvxxciiqwMH1jarhY,Set Fire to the Rain,21,2011-01-24,242973,False,Adele,1,85,,,,,,,,,,,English,390938
1tBsFgHlgn9oCUXxlXlTaw,Montagem Solar Atmosfera,Montagem Solar Atmosfera,2025-03-28,133714,False,"Ariis, TOKYOPHILE, MC MN",3,77,,,,,,,,,,,Portuguese,358757
5zcfnScTSFGCHGY1yeXWke,Ishq Sufiyana (Male),The Dirty Picture,2011-10-29,325257,False,"Vishal-Shekhar, Kamal Khan",2,76,,,,,,,,,,,Somali,920937
5oYVxFt2k4SkVp6wzVsFWN,"Ride Or Die, Pt. 2 (with Villano Antillano & Tokischa)","Ride Or Die, Pt. 2",2024-04-18,158728,True,"Sevdaliza, Villano Antillano, Tokischa",3,86,,,,,,,,,,,English,127326
54PbBpquVfhfrwRwvjSXbI,We Don't Talk Anymore (feat. Selena Gomez),Nine Track Mind (Special Edition),2015-11-05,217706,False,"Charlie Puth, Selena Gomez",2,84,,,,,,,,,,,English,142595
1eTaznNW4Xxtx9za2SMTXB,DENIAL IS A RIVER,Alligator Bites Never Heal,2024-08-30,159586,True,Doechii,1,87,,,,,,,,,,,English,810994
7KNmIjcmGJIBrhP2s5Vioe,Born Again (feat. Doja Cat & RAYE),Alter Ego,2025-02-28,231174,True,"LISA, Doja Cat, RAYE",3,83,,,,,,,,,,,English,213032
1y1rQTkWmrZdJmjwuK07GC,"Kaise Hua (From ""Kabir Singh"")","Kaise Hua (From ""Kabir Singh"")",2019-06-13,234722,False,"Vishal Mishra, Manoj Muntashir",2,76,,,,,,,,,,,Indonesian,287043
3VieScqwrczxcSVTsH20gu,AIST,Graf Monte-Cristo / Most Valuable Pirate,2025-04-25,132413,True,FRIENDLY THUG 52 NGG,1,64,,,,,,,,,,,Filipino,634950
21IYMdzTrzSe191Cy5eMap,Sailor Song,"At The Beach, In Every Life",2025-04-25,211978,False,Gigi Perez,1,90,,,,,,,,,,,Filipino,503298
3OLFqbd9ZeVjaUKTiaLsD6,Tu Hi Haqeeqat,Tum Mile (Original Motion Picture Soundtrack),2009-09-08,302026,False,"Pritam, Javed Ali, Irshan Ashraf, Shadab",4,75,,,,,,,,,,,Somali,90129
3zEN0ii6s4DHHBpnTp3RP7,We Are The People,Walking On A Dream (10th Anniversary Edition),2008-10-03,267373,False,Empire Of The Sun,1,90,,,,,,,,,,,English,996505
10zywlg5b0gQOC3q1A7ADx,earthquake,AMORTAGE,2025-02-14,190806,False,JISOO,1,82,,,,,,,,,,,Albanian,984013
6QFCMUUq1T2Vf5sFUXcuQ7,Beauty And A Beat,Believe,2012-01-01,227986,False,"Justin Bieber, Nicki Minaj",2,86,,,,,,,,,,,English,107104
4S1VYqwfkLit9mKVY3MXoo,Forever Young,Forever Young,1984,226706,False,Alphaville,1,86,,,,,,,,,,,Norwegian,829378
1V6gIisPpYqgFeWbMLI0bA,Heart Attack,Demi,2013-01-01,210840,False,Demi Lovato,1,83,,,,,,,,,,,English,886190
209QxKVJzh2FLUmZHpYs4m,God Damn,Ek Tha Raja,2024-03-18,167234,False,"Badshah, Karan Aujla, Hiten",3,76,,,,,,,,,,,Welsh,353228
3bZPdEskcnMdepwCaDSJRl,Bin Tere,I Hate Luv Storys (Original Motion Picture Soundtrack),2010-05-25,330360,False,"Vishal-Shekhar, Shafqat Amanat Ali, Sunidhi Chauhan",3,75,,,,,,,,,,,German,511387
3bZPdEskcnMdepwCaDSJRl,Bin Tere,I Hate Luv Storys (Original Motion Picture Soundtrack),2010-05-25,330360,False,"Vishal-Shekhar, Shafqat Amanat Ali, Sunidhi Chauhan",3,75,,,,,,,,,,,German,877749
75JFxkI2RXiU7L9VXzMkle,The Scientist,A Rush of Blood to the Head,2002-08-27,309600,False,Coldplay,1,91,,,,,,,,,,,English,538835
1EjxJHY9A6LMOlvyZdwDly,Tum Mile,Tum Mile (Original Motion Picture Soundtrack),2009-09-08,343786,False,"Pritam, Neeraj Shridhar",2,75,,,,,,,,,,,Turkish,739857
40SBS57su9xLiE1WqkXOVr,Afraid To Feel,Afraid To Feel,2022-05-02,177524,False,LF SYSTEM,1,82,,,,,,,,,,,Afrikaans,606970
3ZaEs1O8BG581qYPHpQ8d6,I Smoked Away My Brain (I'm God x Demons Mashup) (feat. Imogen Heap & Clams Casino),I Smoked Away My Brain (I'm God x Demons Mashup) (feat. Imogen Heap & Clams Casino),2023-08-18,190285,True,"A$AP Rocky, Imogen Heap, Clams Casino",3,88,,,,,,,,,,,English,768876
2GxrNKugF82CnoRFbQfzPf,i like the way you kiss me,i like the way you kiss me,2024-03-19,142514,False,Artemas,1,85,,,,,,,,,,,Swahili,532875
1BJJbSX6muJVF2AK7uH1x4,Move,Move,2024-06-07,177598,False,"Adam Port, Stryv, Keinemusik, Orso, Malachiii",5,89,,,,,,,,,,,Slovenian,386596
4HBZA5flZLE435QTztThqH,Stuck with U (with Justin Bieber),Stuck with U,2020-05-08,228482,False,"Ariana Grande, Justin Bieber",2,82,,,,,,,,,,,English,460504
00RLNHc2jkEjUoCUlFgPVT,welcome and goodbye,welcome and goodbye,2018-03-31,140643,False,"Dream, Ivory",1,84,,,,,,,,,,,English,720732
4QNpBfC0zvjKqPJcyqBy9W,Give Me Everything (feat. Nayer),Planet Pit (Deluxe Version),2011-06-17,252306,False,"Pitbull, AFROJACK, Ne-Yo, Nayer",4,91,,,,,,,,,,,English,374869
142PiXzA84lmEw2RstFHFa,supernatural,eternal sunshine,2024-03-08,163381,False,Ariana Grande,1,88,,,,,,,,,,,Romanian,603346
7ycWLEP1GsNjVvcjawXz3z,Praise The Lord (Da Shine) (feat. Skepta),TESTING,2018-05-25,205040,True,"A$AP Rocky, Skepta",2,85,,,,,,,,,,,English,24371
2fuCquhmrzHpu5xcA1ci9x,Under Pressure - Remastered 2011,Hot Space (2011 Remaster),1982-05-03,248440,False,"Queen, David Bowie",2,84,,,,,,,,,,,English,440434
0GjEhVFGZW8afUYGChu3Rr,Dancing Queen,Arrival,1976,230400,False,ABBA,1,88,,,,,,,,,,,English,825498
1LiN0Z98FkR1t0m8KmLcAH,Amanece,Amanece,2018-12-14,190004,False,"Anuel AA, Haze",2,83,,,,,,,,,,,Romanian,201309
1jDJFeK9x3OZboIAHsY9k2,I'm Still Standing,Too Low For Zero,1983-05-30,183440,False,Elton John,1,86,,,,,,,,,,,Swedish,548661
7snQQk1zcKl8gZ92AnueZW,Sweet Child O' Mine,Appetite For Destruction,1987-07-21,356066,False,Guns N' Roses,1,90,,,,,,,,,,,English,330758
52itZ0w0CydihB2JCZEIft,Pee Loon,Once Upon A Time In Mumbaai,2010-06-29,285686,False,"Pritam, Mohit Chauhan, Irshad Kamil",3,77,,,,,,,,,,,Dutch,702268
3vkCueOmm7xQDoJ17W1Pm3,My Love Mine All Mine,The Land Is Inhospitable and So Are We,2023-09-15,137773,False,Mitski,1,90,,,,,,,,,,,English,383314
3AAJmTVOJS55CpYFiCnXVh,"Kanmanipoove (From ""Thudarum"")","Kanmanipoove (From ""Thudarum"")",2025-02-21,354666,False,"Jakes Bejoy, M. G. Sreekumar",2,72,,,,,,,,,,,Croatian,491959
7xoUc6faLbCqZO6fQEYprd,One Last Time,My Everything (Deluxe),2014-08-22,197266,False,Ariana Grande,1,86,,,,,,,,,,,Estonian,350817
3M0lSi5WW79CXQamgSBIjx,Swim,Chase Atlantic,2017-10-04,228786,True,Chase Atlantic,1,89,,,,,,,,,,,Polish,846384
3IznIgmXtrUaoPWpQTy5jB,Not Allowed,Who Really Cares,2016-02-25,167864,True,TV Girl,1,87,,,,,,,,,,,English,869395
7ne4VBA60CxGM75vw0EYad,That’s So True,The Secret of Us (Deluxe),2024-10-18,166300,True,Gracie Abrams,1,96,,,,,,,,,,,English,583449
0QCIpQV3twfqo9kh0t8Zza,Shake It To The Max (FLY) - Remix,Shake It To The Max (FLY) (Remix),2025-02-21,178775,True,"MOLIY, Silent Addy, Skillibeng, Shenseea",4,94,,,,,,,,,,,English,915794
2N3U8uTYhjX2KwGT0pf5x0,"Everyday (feat. Rod Stewart, Miguel & Mark Ronson)",AT.LONG.LAST.A$AP,2015-05-26,260986,True,"A$AP Rocky, Rod Stewart, Miguel, Mark Ronson",4,84,,,,,,,,,,,English,514161
0yuAWlxq59xT3agQ965OxE,Sunsetz,Cigarettes After Sex,2017-06-09,214680,False,Cigarettes After Sex,1,88,,,,,,,,,,,German,964544
0yOf4dgkVq8jbB2zxVK8Zj,August 10,Broken Girl,1996-04-01,178000,False,Julie Doiron,1,82,,,,,,,,,,,Estonian,645030
0HPD5WQqrq7wPWR7P7Dw1i,TiK ToK,Animal (Expanded Edition),2010-01-01,199693,False,Kesha,1,88,,,,,,,,,,,Indonesian,249745
48QmG1dfvMuYLxMPt7KSRA,No Lie,Mad Love The Prequel,2018-06-29,221176,False,"Sean Paul, Dua Lipa",2,87,,,,,,,,,,,Lithuanian,292539
3vkQ5DAB1qQMYO4Mr9zJN6,Gimme! Gimme! Gimme! (A Man After Midnight),Voulez-Vous,1979,292613,False,ABBA,1,85,,,,,,,,,,,German,137904
2RsAajgo0g7bMCHxwH3Sk0,Come As You Are,Nevermind (Remastered),1991-09-26,218920,False,Nirvana,1,85,,,,,,,,,,,French,647260
2N0SPREDYqILVEFSsWF5N5,Love Me Again,Layover,2023-08-11,182293,False,V,1,77,,,,,,,,,,,English,392601
2xGjfbXZnI8uQDhukoQURQ,K.,Cigarettes After Sex,2017-06-09,319560,False,Cigarettes After Sex,1,87,,,,,,,,,,,Swahili,170858
0BCPKOYdS2jbQ8iyB56Zns,Clocks,A Rush of Blood to the Head,2002-08-27,307879,False,Coldplay,1,89,,,,,,,,,,,English,872388
6WatFBLVB0x077xWeoVc2k,Si Antes Te Hubiera Conocido,Si Antes Te Hubiera Conocido,2024-06-21,195824,False,KAROL G,1,94,,,,,,,,,,,Spanish,243162
505v13epFXodT9fVAJ6h8k,AMARGURA,MAÑANA SERÁ BONITO,2023-02-24,170480,True,KAROL G,1,85,,,,,,,,,,,Filipino,604069
7BqBn9nzAq8spo5e7cZ0dJ,Just the Way You Are,Doo-Wops & Hooligans,2010-05-11,220734,False,Bruno Mars,1,88,,,,,,,,,,,English,157360
6YFNhYf7A33biVmMG1JSQf,AKON,MOST VALUABLE PLAYA,2025-03-28,138354,True,Jazeek,1,83,,,,,,,,,,,Filipino,825236
0qmhTHMVxnXRmT5N92wTD9,Bloodline (with Jelly Roll),Bloodline (with Jelly Roll),2025-05-22,182008,False,"Alex Warren, Jelly Roll",2,91,,,,,,,,,,,English,236189
2dGxjfhFXDIUX9h5ImyKkE,Sexy Bitch (feat. Akon),One More Love,2010-11-22,195853,True,"David Guetta, Akon",2,83,,,,,,,,,,,English,393427
2WfaOiMkCvy7F5fcp2zZ8L,Take on Me,Hunting High and Low,1985-06-01,225280,False,a-ha,1,90,,,,,,,,,,,Estonian,987497
0Hf4aIJpsN4Os2f0y0VqWl,Feel This Moment (feat. Christina Aguilera),Global Warming: Meltdown (Deluxe Version),2012,229506,False,"Pitbull, Christina Aguilera",2,86,,,,,,,,,,,English,119086
1wOp7yTVyH176bW1z9WAiv,Carry You Home,"You'll Be Alright, Kid (Chapter 1)",2024-09-26,166880,False,Alex Warren,1,88,,,,,,,,,,,English,145078
2tUBqZG2AbRi7Q0BIrVrEj,I Wanna Dance with Somebody (Who Loves Me),Whitney,1987-06-02,291293,False,Whitney Houston,1,86,,,,,,,,,,,English,831308
14e2ob5d6fW1TTn5ZlXF5N,Si Ai - Marshmello & UKAY Remix,Si Ai (Marshmello & UKAY Remix),2024-08-02,183999,False,"Tayna, Marshmello, UKAY",3,78,,,,,,,,,,,Albanian,669511
1TzQqJ4hme55ZKnM86Xyw0,AMISTA,AMISTA,2025-04-24,177882,True,"Blessd, Ovy On The Drums",2,84,,,,,,,,,,,Filipino,959029
2GwsSbo6IbNDVvcm9rtmal,Say What,Say What,2024-10-25,181593,False,"Rampa, Adam Port, &ME, chuala, Keinemusik",5,81,,,,,,,,,,,Somali,563678
6h5PAsRni4IRlxWr6uDPTP,More Than You Know,More Than You Know,2017-07-28,203000,False,"Axwell /\ Ingrosso, Axwell, Sebastian Ingrosso",3,82,,,,,,,,,,,English,557089
0scd3nh27AYTNXo0KHRmsG,Move (feat. Camila Cabello & Malachiii),Move (feat. Camila Cabello & Malachiii),2024-10-11,180236,False,"Adam Port, Stryv, Camila Cabello, Keinemusik, Malachiii, Orso",6,81,,,,,,,,,,,Italian,866159
7jm2PueKmv4EOHfdbdXMKT,八方來財(Stacks from All Sides),八方來財(Stacks from All Sides),2024-08-20,173037,False,攬佬SKAI ISYOURGOD,1,79,,,,,,,,,,,English,579915
3rmo8F54jFF8OgYsqTxm5d,Bad Habits,=,2021-10-25,230746,False,Ed Sheeran,1,85,,,,,,,,,,,Catalan,788717
08mG3Y1vljYA6bvDt4Wqkj,Back In Black,Back In Black,1980-07-25,255493,False,AC/DC,1,87,,,,,,,,,,,English,492694
2aPTvyE09vUCRwVvj0I8WK,Sundress,Sundress,2018-11-20,158205,True,A$AP Rocky,1,87,,,,,,,,,,,German,753084
2zYzyRzz6pRmhPzyfMEC8s,Highway to Hell,Highway to Hell,1979-07-27,208400,False,AC/DC,1,87,,,,,,,,,,,English,952006
17nSd6VAbcvsFxzRGTMpWn,Ameli,PEEKABOO,2024-06-28,179200,True,"Big Baby Tape, Aarne, Toxi$",3,60,,,,,,,,,,,Dutch,778476
0JXXNGljqupsJaZsgSbMZV,Sure Thing,All I Want Is You,2010-11-26,195373,False,Miguel,1,87,,,,,,,,,,,English,989480
2KhrPRV0V1FS2l4eQMJUWt,Sweet,Cigarettes After Sex,2017-06-09,291640,False,Cigarettes After Sex,1,87,,,,,,,,,,,Afrikaans,832491
2QxviKpVdEXKDWs706MUZB,Old Phone,Old Phone,2025-05-01,221831,False,Ed Sheeran,1,84,,,,,,,,,,,English,19566
50nfwKoDiSYg8zOCREWAm5,Shivers,=,2021-10-25,207853,False,Ed Sheeran,1,86,,,,,,,,,,,English,712125
6GG4yyk3UATdBfTHVgI8PB,Ain't No Love In Oklahoma (From Twisters: The Album),Ain't No Love In Oklahoma (From Twisters: The Album),2024-05-16,210950,False,Luke Combs,1,87,,,,,,,,,,,English,138856
3BKD1PwArikchz2Zrlp1qi,Baby Don't Hurt Me,Baby Don't Hurt Me,2023-04-06,140017,False,"David Guetta, Anne-Marie, Coi Leray",3,83,,,,,,,,,,,English,66957
3uUuGVFu1V7jTQL60S1r8z,Where Are You Now,Where Are You Now,2021-07-30,148197,False,"Lost Frequencies, Calum Scott",2,81,,,,,,,,,,,English,360755
2MLHyLy5z5l5YRp7momlgw,Island In The Sun,Weezer,2001-05-15,200306,False,Weezer,1,84,,,,,,,,,,,English,275596
4cluDES4hQEUhmXj6TXkSo,What Makes You Beautiful,Up All Night,2012-05-25,199986,False,One Direction,1,87,,,,,,,,,,,English,648495
5wG3HvLhF6Y5KTGlK0IW3J,Trance (with Travis Scott & Young Thug),HEROES & VILLAINS,2022-12-02,194786,True,"Metro Boomin, Travis Scott, Young Thug",3,85,,,,,,,,,,,English,909495
0O3TAouZE4vL9dM5SyxgvH,Fashion Killa,LONG.LIVE.A$AP (Deluxe Version),2013,236280,True,A$AP Rocky,1,84,,,,,,,,,,,Swahili,713171
1BxfuPKGuaTgP7aM0Bbdwr,Cruel Summer,Lover,2019-08-23,178426,False,Taylor Swift,1,91,,,,,,,,,,,French,337996
3iRoXGFrF8O0jTul6LAmus,Under Your Spell,April Mixtape 3,2023-05-05,218500,False,Snow Strippers,1,82,,,,,,,,,,,German,617929
3bNv3VuUOKgrf5hu3YcuRo,Someone Like You,21,2011-01-24,285240,False,Adele,1,84,,,,,,,,,,,Norwegian,572187
5r5cp9IpziiIsR6b93vcnQ,Walking On A Dream,Walking On A Dream (10th Anniversary Edition),2008-10-03,198440,False,Empire Of The Sun,1,88,,,,,,,,,,,English,802097
0hEWvzkgbI301JZj947gFz,大展鴻圖(Blueprint Supreme),八方來財(Stacks from All Sides),2024-08-20,211677,False,"攬佬SKAI ISYOURGOD, AR刘夫阳",2,74,,,,,,,,,,,Romanian,385827
4kbj5MwxO1bq9wjT5g9HaA,Shut Up and Dance,TALKING IS HARD,2014-12-02,199080,False,WALK THE MOON,1,88,,,,,,,,,,,English,461112
1dGr1c8CrMLDpV6mPbImSI,Lover,Lover,2019-08-23,221306,False,Taylor Swift,1,87,,,,,,,,,,,Norwegian,190414
6bZuZKR8hoyzZXNh1IW2Bu,Lovers,Lovers,2017-09-08,215773,False,Anna of the North,1,80,,,,,,,,,,,Norwegian,414487
2VxeLyX666F8uXCJ0dZF8B,Shallow,A Star Is Born Soundtrack,2018-10-05,215733,False,"Lady Gaga, Bradley Cooper",2,88,,,,,,,,,,,English,869225
57bgtoPSgt236HzfBOd8kj,Thunderstruck,The Razors Edge,1990-09-24,292880,False,AC/DC,1,88,,,,,,,,,,,German,166464
1z6yXgDAujKC9g0f3KPA5f,"Khalbinnakame (From ""Abhilasham"")","Khalbinnakame (From ""Abhilasham"")",2025-03-31,170070,False,"Sreehari K Nair, Mohammed Maqbool Mansoor, Sharfu",3,71,,,,,,,,,,,Swahili,887929
3jbT1Y5MoPwEIpZndDDwVq,Adicto (with Anuel AA & Ozuna),Adicto (with Anuel AA & Ozuna),2019-08-22,270740,False,"Tainy, Anuel AA, Ozuna",3,80,,,,,,,,,,,English,814785
1u8c2t2Cy7UBoG4ArRcF5g,Blank Space,1989 (Deluxe),2014-01-01,231826,False,Taylor Swift,1,85,,,,,,,,,,,English,57368
35pAZQU6X9WjIlUyuej4DF,Amsterdam,Ave,2024-11-01,150588,True,Icegergert,1,61,,,,,,,,,,,Dutch,492544
75yAymNsjxzPPNG6LiIQ9P,Almond Chocolate,Almond Chocolate,2025-02-13,201760,False,ILLIT,1,74,,,,,,,,,,,English,419184
7MmrcXVA7A5zZ2CbDuGHNa,A Mí,A Mí,2019-02-21,209680,False,Rels B,1,84,,,,,,,,,,,Hungarian,579007
1gRaHuKLW9Uo9qYkb7MvGP,Angelito,Angelito,2025-01-16,130813,False,"Bad Gyal, Trueno",2,78,,,,,,,,,,,Filipino,445508
0D0np8Odu1PNamKfajA6AX,Afro Trap Pt. 3 (Champions League),MHD,2016-04-15,137133,True,MHD,1,79,,,,,,,,,,,English,392611
0IVAYMUDvpzFxIEuGc71SM,P*RNSTAR,AFTERCARE,2024-11-15,149440,True,Nessa Barrett,1,81,,,,,,,,,,,German,671261
46IZ0fSY2mpAiktS3KOqds,Easy On Me,30,2021-11-19,224694,False,Adele,1,84,,,,,,,,,,,English,294523
6xHPBEvcG0RQDfyTq7jc8P,Young G.O.A.T,Young G.O.A.T,2025-02-19,225806,False,"Cheema Y, Gur Sidhu",2,76,,,,,,,,,,,English,453957
7wMq5n8mYSKlQIGECKUgTX,Hall of Fame (feat. will.i.am),#3 Deluxe Version,2012-09-10,202533,False,"The Script, will.i.am",2,85,,,,,,,,,,,English,18887
0OTO8ZF2YqFQVw9hnZylTd,"What Is Love - 7"" Mix",The Album,1993-09-13,270373,False,Haddaway,1,85,,,,,,,,,,,English,494139
0KAqMRUSZwzG3dZLdDA4eH,Antologia,Pies Descalzos,1995-10-06,254240,False,Shakira,1,81,,,,,,,,,,,Italian,730478
2VyvDGdcVY04cNYou9MFVX,Dirty Cash (Money Talks),Dirty Cash (Money Talks),2024-11-15,221448,False,"PAWSA, The Adventures Of Stevie V",2,84,,,,,,,,,,,English,422712
2aE2SRm4QraCuDBNnBsRIz,Asteromata,Asteromata,2025-01-31,175385,False,Klavdia,1,74,,,,,,,,,,,Italian,585539
3lS1r65AbkPdljhDrRQEyV,Aeroplana,Fthina Tricks 3,2025-05-29,210000,True,"Bloody Hawk, TOQUEL",2,73,,,,,,,,,,,Filipino,503823
1SKPmfSYaPsETbRHaiA18G,Somewhere Only We Know,Hopes And Fears,2004-05-10,237146,False,Keane,1,89,,,,,,,,,,,English,344829
3i86MS9vF1VCf0h2IEpKWY,A Lot More Free,Wandering (Love Me Back),2024-09-06,198920,False,Max McNown,1,81,,,,,,,,,,,English,527035
7vc09IDmFH0MfyPYHPEWRM,AMOR,Comuni Mortali,2025-04-18,177348,False,Achille Lauro,1,78,,,,,,,,,,,Filipino,873545
59D4DOkspUbWyMmbAPQkxZ,VOY A LLeVARTE PA PR,DeBÍ TiRAR MáS FOToS,2025-01-05,156364,True,Bad Bunny,1,93,,,,,,,,,,,Portuguese,437033
6PxB85rPecatl7jZcFHlYK,"Thattathil (From ""Abhilasham"")","Thattathil (From ""Abhilasham"")",2025-02-26,250800,False,"Sreehari K Nair, Sharfu",2,69,,,,,,,,,,,English,678585
7mDTvYD2ieE4Q28XFziMfJ,Cry,Cry,2019-10-25,256799,False,Cigarettes After Sex,1,90,,,,,,,,,,,Welsh,63587
7vc09IDmFH0MfyPYHPEWRM,AMOR,Comuni Mortali,2025-04-18,177348,False,Achille Lauro,1,78,,,,,,,,,,,Filipino,86701
59D4DOkspUbWyMmbAPQkxZ,VOY A LLeVARTE PA PR,DeBÍ TiRAR MáS FOToS,2025-01-05,156364,True,Bad Bunny,1,93,,,,,,,,,,,Hungarian,791166
6PxB85rPecatl7jZcFHlYK,"Thattathil (From ""Abhilasham"")","Thattathil (From ""Abhilasham"")",2025-02-26,250800,False,"Sreehari K Nair, Sharfu",2,69,,,,,,,,,,,English,710161
7mDTvYD2ieE4Q28XFziMfJ,Cry,Cry,2019-10-25,256799,False,Cigarettes After Sex,1,90,,,,,,,,,,,Welsh,896908
2KcNrONbZ0hvBPjvrDO2tx,ALMAS GEMELAS,ALMAS GEMELAS,2021-07-22,235411,False,Myke Towers,1,78,,,,,,,,,,,German,264508
5mQck4v2xyAo1BIbBXE1kS,Always,Always,2025-06-13,144043,True,"madk1d, Lida",2,54,,,,,,,,,,,Somali,720655
1136eJrkWsDvReASbjLTaU,Awolowo,Awolowo,2024-08-07,135576,False,Fido,1,75,,,,,,,,,,,Polish,983421
3bE8SznOXJ990MK1ElQnfr,Algo Sencillito,Poquito a Poquito,2023-10-05,177338,False,Marta Santos,1,73,,,,,,,,,,,Spanish,410444
7MmG8p0F9N3C4AXdK6o6Eb,Outside (feat. Ellie Goulding),Motion,2014-10-31,227266,False,"Calvin Harris, Ellie Goulding",2,89,,,,,,,,,,,English,611332
09mEdoA6zrmBPgTEN5qXmN,Call Out My Name,"My Dear Melancholy,",2018-03-30,228373,False,The Weeknd,1,87,,,,,,,,,,,English,900238
7hNgSEQ4Ho7kWBA2rKpDd9,Amigos? No.,Amigos? No.,2025-03-06,226816,True,"Oscar Maydon, Neton Vega",2,89,,,,,,,,,,,Portuguese,374973
4HwDCXsMBC7SUdp2WT4MZP,Into It,Chase Atlantic,2017-10-04,196767,True,Chase Atlantic,1,84,,,,,,,,,,,Italian,207989
4WnlAkJ3S0r6C7ofHy6kNP,Arike,Arike,2025-02-15,124286,False,Kunmie,1,76,,,,,,,,,,,Afrikaans,311512
1edcyazKIdKrIuz9cWpXU6,twilight zone,eternal sunshine deluxe: brighter days ahead (a cappella version),2025-03-27,198320,False,Ariana Grande,1,80,,,,,,,,,,,Dutch,906823
75n9WHWZAzhB59xSjIHly4,Wacuka,Wacuka,2025-01-10,190153,False,"AVAION, Sofiya Nzau",2,81,,,,,,,,,,,Somali,870436
132ALUzVLmqYB4UsBj5qD6,Adan y Eva,Homerun,2019-05-23,256971,False,Paulo Londra,1,80,,,,,,,,,,,Turkish,229993
3wlEt7tgbcyowpdlcnCwfz,Sauti,Sauti,2024-07-19,208770,False,"Francis Mercier, Faul & Wad, African Children's Choir",3,78,,,,,,,,,,,French,629094
26QJuQfM8PVAWkIm1JRyqq,ss,A Great Chaos (Deluxe),2024-07-05,184375,True,Ken Carson,1,81,,,,,,,,,,,Finnish,706122
1a7onn7lPqqRWul5ogyMyX,ANSIEDAD,111XPANTIA,2025-05-02,151836,True,Fuerza Regida,1,88,,,,,,,,,,,Filipino,56594
2XHzzp1j4IfTNp1FTn7YFg,Love Me,I Am Not A Human Being II (Deluxe),2013-01-01,255053,True,"Lil Wayne, Drake, Future",3,88,,,,,,,,,,,Slovenian,763397
2bLqfJjuC5syrsgDsZfGmn,The Way I Are,Shock Value,2007-01-01,179120,False,"Timbaland, Keri Hilson, D.O.E.",3,86,,,,,,,,,,,English,180458
44XjoNvtwevktFKjvVe1vH,Andrea,Un Verano Sin Ti,2022-05-06,339611,True,"Bad Bunny, Buscabulla",2,81,,,,,,,,,,,Romanian,734133
5XoBIF0Y6zaHjMnf2aZsMh,Antigonidon,Fthina Tricks 3,2025-05-29,274666,True,"Bloody Hawk, LEX",2,70,,,,,,,,,,,Filipino,663577
3dPQuX8Gs42Y7b454ybpMR,Seven Nation Army,Elephant,2003-04-01,232106,False,The White Stripes,1,86,,,,,,,,,,,English,38263
7hDVYcQq6MxkdJGweuCtl9,ocean eyes,dont smile at me,2017-12-22,200379,False,Billie Eilish,1,87,,,,,,,,,,,English,28758
6kQYMqjobmB8MkWwa9OUyA,Amiga mía,Más,1997,290973,False,Alejandro Sanz,1,84,,,,,,,,,,,Filipino,38896
5ceKWhT3J34xxw5uzIzgU9,I Ain't Comin' Back (feat. Post Malone),I Ain't Comin' Back,2025-04-18,175271,False,"Morgan Wallen, Post Malone",2,85,,,,,,,,,,,English,280066
7xDd7gl6AGgpiOz5trz4dM,Eyes Closed,LOOM,2024-06-28,200026,False,Imagine Dragons,1,76,,,,,,,,,,,Spanish,779023
6DbfhN2HIColQgffTlInqh,Aye,OnTouRage - EP,2025-04-03,182521,True,"Nimo, Amo",2,75,,,,,,,,,,,Filipino,699890
792FHkvZbBQuWWM1a4TfL8,Before You Leave Me,"You'll Be Alright, Kid (Chapter 1)",2024-09-26,176178,False,Alex Warren,1,84,,,,,,,,,,,French,610263
7wTqEW5nrMhvyEhEyTnOMd,The Cut That Always Bleeds,Kid Krow,2020-03-20,231920,False,Conan Gray,1,88,,,,,,,,,,,English,842650
4Fv6wNYUixnYkj3Dgfrls8,Tumblr Girls (feat. Christoph Andersson),These Things Happen,2014-06-23,255680,True,"G-Eazy, Christoph Andersson",2,83,,,,,,,,,,,English,298140
2avKuMN2QXkaG9vvHa2JLt,Take A Look Around,Chocolate Starfish And The Hot Dog Flavored Water,2000-10-17,321040,False,Limp Bizkit,1,82,,,,,,,,,,,English,394368
7nxTzZJmf2lLplk5pfV64h,In And Out Of Love,In And Out Of Love,2024-06-28,226621,False,"Rivo, Armin van Buuren, Sharon Den Adel",3,68,,,,,,,,,,,English,622452
787rCZF9i4L1cXGMkdyIk4,LVL,LONG.LIVE.A$AP (Deluxe Version),2013,220133,True,A$AP Rocky,1,83,,,,,,,,,,,French,53187
5MKbWaXeSQSmzmo7gPQha1,Amor de Vago,Amor de Vago,2024-08-23,188423,False,"La T y La M, Malandro",2,79,,,,,,,,,,,Portuguese,754349
0laYHRpNTS6i8FXdupHkJ4,Love You Like A Love Song,When The Sun Goes Down,2011-01-01,188453,False,Selena Gomez & The Scene,1,84,,,,,,,,,,,English,358238
0LMwmV37RCmBO2so0szAFs,Whatever,Whatever,2024-01-19,178273,False,"Kygo, Ava Max",2,82,,,,,,,,,,,English,609847
1aKvZDoLGkNMxoRYgkckZG,Magnetic,SUPER REAL ME,2024-03-25,160688,False,ILLIT,1,84,,,,,,,,,,,Italian,40048
5uCax9HTNlzGybIStD3vDh,Say You Won't Let Go,Back from the Edge,2016-10-28,211466,False,James Arthur,1,88,,,,,,,,,,,English,538373
1UrwJzlNC2oaTlxj1OZmcu,twilight zone,eternal sunshine deluxe: brighter days ahead,2025-03-28,198320,False,Ariana Grande,1,81,,,,,,,,,,,Dutch,480993
1i3eRYUhy28Nl0zwcQNOdZ,APPELLE TA COPINE,APPELLE TA COPINE,2025-05-23,180923,False,GIMS,1,75,,,,,,,,,,,English,245897
1JLn8RhQzHz3qDqsChcmBl,I Want to Know What Love Is - 1999 Remaster,Agent Provocateur,1984-12-12,304786,False,Foreigner,1,87,,,,,,,,,,,English,514575
0ug5NqcwcFR2xrfTkc7k8e,Style,1989 (Deluxe),2014-01-01,231000,False,Taylor Swift,1,85,,,,,,,,,,,Finnish,667885
7LPGJhkRDEW6KopWhD8DbX,Roi,Euphories,2021-01-29,222280,False,"Videoclub, Adèle Castillon, Mattyeux",3,80,,,,,,,,,,,Romanian,136345
0oJuzeiW6b4mtLgAW3wQFx,anhélame,BORONDO,2025-05-15,226597,False,Beéle,1,74,,,,,,,,,,,Hungarian,564417
1R0a2iXumgCiFb7HEZ7gUE,Don’t Blame Me,reputation,2017-11-10,236413,False,Taylor Swift,1,87,,,,,,,,,,,English,226494
5rb9QrpfcKFHM1EUbSIurX,Yeah! (feat. Lil Jon & Ludacris),Confessions (Expanded Edition),2004-03-23,250373,False,"USHER, Lil Jon, Ludacris",3,88,,,,,,,,,,,English,460721
4356Typ82hUiFAynbLYbPn,DJ Got Us Fallin' In Love (feat. Pitbull),Raymond v Raymond (Expanded Edition),2010-03-30,220800,False,"USHER, Pitbull",2,87,,,,,,,,,,,English,367197
2ZRo7axmMPeSVUvDbGkJah,Hope,?,2018-03-16,110886,True,XXXTENTACION,1,85,,,,,,,,,,,Dutch,514979
5rb9QrpfcKFHM1EUbSIurX,Yeah! (feat. Lil Jon & Ludacris),Confessions (Expanded Edition),2004-03-23,250373,False,"USHER, Lil Jon, Ludacris",3,88,,,,,,,,,,,English,438661
4356Typ82hUiFAynbLYbPn,DJ Got Us Fallin' In Love (feat. Pitbull),Raymond v Raymond (Expanded Edition),2010-03-30,220800,False,"USHER, Pitbull",2,87,,,,,,,,,,,English,231826
2ZRo7axmMPeSVUvDbGkJah,Hope,?,2018-03-16,110886,True,XXXTENTACION,1,85,,,,,,,,,,,Dutch,396773
5oO3drDxtziYU2H1X23ZIp,Love On The Brain,ANTI (Deluxe),2016-01-28,224000,True,Rihanna,1,87,,,,,,,,,,,English,592656
3QaPy1KgI7nu9FJEQUgn6h,WILDFLOWER,HIT ME HARD AND SOFT,2024-05-17,261466,False,Billie Eilish,1,96,,,,,,,,,,,Swahili,975902
4DnrAI8WyUY6gkOwl8GlPN,capaz (merengueton),LA CIUDAD,2024-12-24,173858,False,"Alleh, Yorghaki",2,90,,,,,,,,,,,Spanish,121843
2nljjiWhzVIugb5vgEMQQk,My Love (2024),My Love (2024),2024-08-30,184949,False,"Alex Wann, Route 94, Jess Glynne",3,78,,,,,,,,,,,English,670354
5sjnkOfTLCLNfkkchI2re2,UP - KARINA Solo,SYNK : PARALLEL LINE - Special Digital Single,2024-10-09,166640,False,aespa,1,78,,,,,,,,,,,English,497048
3xiNRrrVROKlHrflHGNTfG,Antes de que cuente diez,Antes de que cuente diez,2009-09-11,285040,False,Fito y Fitipaldis,1,69,,,,,,,,,,,Spanish,846691
48lxT5qJF0yYyf2z4wB4xW,Pedro,Pedro,2024-03-29,144846,False,"Jaxomy, Agatino Romero, Raffaella Carrà",3,81,,,,,,,,,,,Welsh,369021
4R2kfaDFhslZEMJqAFNpdd,cardigan,folklore,2020-07-24,239560,False,Taylor Swift,1,87,,,,,,,,,,,Welsh,106056
0mw3zId9qOGkWlBogptIB1,CHICA ATRACTIVA,YTSQS,2025-04-11,165600,True,"FloyyMenor, Lewis Somes",2,80,,,,,,,,,,,Hungarian,987349
1MDyUzZgyrdeQVmV1FU3WQ,Als du gingst - edit,Als du gingst (edit),2025-04-29,239019,False,"Contec, Lina Maly",2,77,,,,,,,,,,,German,679671
1ZR937BdP3uyW88rKxMx0x,ANDO XXIL,FERXXO VOL X: Sagrado,2025-06-09,170666,False,Feid,1,66,,,,,,,,,,,Somali,190222
36wAwEkSDpNQ4oQeRLYC3L,Am I Okay?,Am I Okay?,2024-07-12,235002,False,Megan Moroney,1,82,,,,,,,,,,,Filipino,348252
3bg2qahpZmsg5wV2EMPXIk,Forever Young,Forever Young,2024-10-18,156923,False,"David Guetta, Alphaville, Ava Max",3,82,,,,,,,,,,,Norwegian,129643
4xkOaSrkexMciUUogZKVTS,Till I Collapse,The Eminem Show,2002-05-26,297786,True,"Eminem, Nate Dogg",2,86,,,,,,,,,,,Italian,15871
0otRX6Z89qKkHkQ9OqJpKt,Car's Outside,YOU,2019-10-18,248373,False,James Arthur,1,87,,,,,,,,,,,Catalan,719755
4EchqUKQ3qAQuRNKmeIpnf,The Kids Aren't Alright,Americana,1998-11-16,180160,False,The Offspring,1,85,,,,,,,,,,,English,336498
7yNQ5oPcuCC4wTqTcMRIrE,Running Around,Running Around,2025-01-31,124620,False,Ely Oaks,1,82,,,,,,,,,,,English,387116
6mSnSuOhgHHohqeBw76jRV,i was all over her,melanchole,2013-05-06,161422,False,salvia palth,1,83,,,,,,,,,,,English,453150
0hta2Lb2zKJ7kEnAEZEE3G,Nope your too late i already died,suburban daredevil,2024-10-22,90067,False,"wifiskeleton, i wanna be a jack-o-lantern",2,92,,,,,,,,,,,English,190744
5CqkgDH8QZjSqqI3HmYxDD,Airwaves,Airwaves,2020-05-14,178932,False,Pashanim,1,73,,,,,,,,,,,English,736936
6TYFcqqQVQPb3YsgfRhvqs,Tamally Maak,Tamally Maak,1999-12-31,269232,False,Amr Diab,1,71,,,,,,,,,,,Somali,666878
726SEjbF3ToEbYbn43gnxl,Nice To Meet You,A Minute...,2024-11-08,176000,False,Myles Smith,1,83,,,,,,,,,,,English,950178
1uKjQoh8JZj9ryuYRhpd7E,Ahora Te Puedes Marchar,Soy Como Quiero Ser,1987-07-15,191973,False,Luis Miguel,1,81,,,,,,,,,,,English,576071
2psRActEWsTlYYd7EDoyVR,Those Eyes,Based On A True Story...,2023-10-20,220750,False,New West,1,84,,,,,,,,,,,English,267020
5YaskwnGDZFDRipaqzbwQx,Your Love (9PM),Your Love (9PM),2021-01-15,150052,False,"ATB, Topic, A7S",3,77,,,,,,,,,,,English,177653
0k2GOhqsrxDTAbFFSdNJjT,Temperature,The Trinity,2005-09-27,216320,False,Sean Paul,1,87,,,,,,,,,,,Indonesian,989544
0GONea6G2XdnHWjNZd6zt3,Summer Of '69,Reckless (30th Anniversary / Deluxe Edition),1984-11-05,216053,False,Bryan Adams,1,86,,,,,,,,,,,Danish,718624
54ipXppHLA8U4yqpOFTUhr,Bones,Mercury - Acts 1 & 2,2022-07-01,165264,False,Imagine Dragons,1,84,,,,,,,,,,,Italian,999435
1mKXFLRA179hdOWQBwUk9e,Just Give Me a Reason (feat. Nate Ruess),The Truth About Love,2012-09-18,242733,False,"P!nk, Nate Ruess",2,87,,,,,,,,,,,English,443212
4LDd2UU8XdtJRrIyPvR9vW,Ay Mamita,Ay Mamita,2025-05-22,164042,False,Alan Arrieta,1,85,,,,,,,,,,,Filipino,955125
5pS5TjcUKb8rWQSqgZ2MSm,Ева,Sex,2009-10-14,248760,False,Vintage,1,76,,,,,,,,,,,Macedonian,912188
2lAUq68F2bt7Kc218n9FPp,AY MAMÁ,INCÓMODO,2024-08-22,163031,True,"Tito Double P, Grupo Frontera",2,83,,,,,,,,,,,Somali,818926
5E02BgqYNN9VzafXrYP6Np,Heavenly,Cry,2019-10-25,286773,False,Cigarettes After Sex,1,82,,,,,,,,,,,English,638259
3diSxgK7bRIZzqu5IqFgd1,Burning Down (with Joe Jonas),Burning Down (with Joe Jonas),2024-12-06,179437,False,"Alex Warren, Joe Jonas",2,83,,,,,,,,,,,English,256204
1BDLD4c07q0bmq2VCRsXoE,I Ain't Comin' Back (feat. Post Malone),I’m The Problem,2025-05-16,175271,False,"Morgan Wallen, Post Malone",2,84,,,,,,,,,,,English,377085
3L1JHXiqNOJ57w3n2R3HyU,raining for hours,grey cloud,2021-08-13,131500,False,ame,1,87,,,,,,,,,,,English,729435
2wFEQXiWeB8li7ECU9spLk,Ayer La Vi - Live - Desde Puerto Rico/2007,King Of Kings (En Directo),2007-11-15,252653,False,Don Omar,1,75,,,,,,,,,,,Spanish,232809
0b7PI4ikygOrxYu8TSQI92,Aku Dah Lupa,Aku Dah Lupa,2025-03-27,182354,False,"MikkyZia, F4dli",2,82,,,,,,,,,,,Indonesian,25926
0qkYuCno3SoU8vxkCdx0iJ,THUNDER,SEVENTEEN 5th Album 'HAPPY BURSTDAY',2025-05-26,164040,False,SEVENTEEN,1,86,,,,,,,,,,,Vietnamese,652622
7uDUb37h7Xdhza1eWMkoJv,Friends,Nostalgia - EP,2015-02-21,230010,False,Chase Atlantic,1,87,,,,,,,,,,,German,866839
5M8Z823Sb2BhMpecHksN0T,ANEMA E CORE,ANEMA E CORE,2025-02-12,166611,False,Serena Brancale,1,72,,,,,,,,,,,Portuguese,697593
7bywjHOc0wSjGGbj04XbVi,LUNA,FERXXOCALIPSIS,2023-12-01,196800,False,"Feid, ATL Jacob",2,89,,,,,,,,,,,French,756837
25MzUGleMnmyoeTNRZ8QF1,VAPO NO SETOR,VAPO NO SETOR,2024-08-13,67596,True,"DJ ANXVAR, MC LONE",2,78,,,,,,,,,,,Portuguese,522919
0iB5f04XdJ2tcfhoVkeLV8,LET'S GET FKD UP,LET'S GET FKD UP (feat. Tribbs),2023-11-17,121500,True,"Alok, Mondello'G, CERES, Tribbs",4,79,,,,,,,,,,,German,228367
6FfLg6FFqhCsrFOaHIGkg0,Honeypie,For Abby,2020-10-27,135581,False,JAWNY,1,80,,,,,,,,,,,English,873267
2bJvI42r8EF3wxjOuDav4r,Time of Our Lives,Globalization,2014-11-24,229360,True,"Pitbull, Ne-Yo",2,88,,,,,,,,,,,English,950972
7obbjnrA9Z81q3F592aabg,ayy weyy,111XPANTIA,2025-05-02,148481,True,Fuerza Regida,1,82,,,,,,,,,,,Somali,240831
